Player,Pos,G,GS,MP,FG,FG%,3P,3P%,2P,2P%,eFG%,FT,FT%,ORB,DRB,TRB,AST,STL,BLK,TOV,PF,PTS,BPM
Steven Adams,C,63,63,26.7,4.5,0.5920000000000001,0.0,0.33299999999999996,4.5,0.594,0.593,1.9,0.5820000000000001,3.3,6.0,9.3,2.3,0.8,1.1,1.5,1.9,10.9,2.9
Bam Adebayo,PF,72,72,33.6,6.1,0.557,0.0,0.14300000000000002,6.1,0.564,0.5579999999999999,3.7,0.691,2.4,7.8,10.2,5.1,1.1,1.3,2.8,2.5,15.9,3.4
LaMarcus Aldridge,C,53,53,33.1,7.4,0.493,1.2,0.389,6.2,0.519,0.532,3.0,0.8270000000000001,1.9,5.5,7.4,2.4,0.7,1.6,1.4,2.4,18.9,1.4
Kyle Alexander,PF,2,0,6.5,0.5,0.5,0.0,,0.5,0.5,0.5,0.0,,1.0,0.5,1.5,0.0,0.0,0.0,0.5,0.5,1.0,-9.6
Nickeil Alexander-Walker,SG,47,1,12.6,2.1,0.368,1.0,0.34600000000000003,1.1,0.391,0.455,0.5,0.6759999999999999,0.2,1.6,1.8,1.9,0.4,0.2,1.1,1.2,5.7,-4.6
Grayson Allen,SG,38,0,18.9,3.1,0.466,1.5,0.40399999999999997,1.6,0.545,0.58,1.0,0.867,0.2,2.0,2.2,1.4,0.3,0.1,0.9,1.4,8.7,-1.3
Jarrett Allen,C,70,64,26.5,4.3,0.649,0.0,0.0,4.3,0.6579999999999999,0.649,2.4,0.633,3.1,6.5,9.6,1.6,0.6,1.3,1.1,2.3,11.1,2.3
Kadeem Allen,SG,10,0,11.7,1.9,0.43200000000000005,0.5,0.313,1.4,0.5,0.489,0.7,0.636,0.2,0.7,0.9,2.1,0.5,0.2,0.8,0.7,5.0,-0.7
Al-Farouq Aminu,PF,18,2,21.1,1.4,0.29100000000000004,0.5,0.25,0.9,0.32,0.34299999999999997,1.1,0.655,1.3,3.5,4.8,1.2,1.0,0.4,0.9,1.5,4.3,-3.0
Justin Anderson,SF,10,1,10.7,1.0,0.263,0.6,0.207,0.4,0.444,0.342,0.2,0.5,0.1,2.0,2.1,0.8,0.0,0.6,0.4,1.3,2.8,-7.7
Kyle Anderson,PF,67,28,19.9,2.3,0.474,0.4,0.282,2.0,0.541,0.511,0.8,0.667,0.9,3.4,4.3,2.4,0.8,0.6,1.0,1.7,5.8,0.5
Ryan Anderson,C,2,0,7.0,1.0,0.28600000000000003,0.5,0.2,0.5,0.5,0.35700000000000004,0.0,,0.0,3.5,3.5,1.0,0.5,0.0,0.5,0.5,2.5,-2.8
Giannis Antetokounmpo,PF,63,63,30.4,10.9,0.5529999999999999,1.4,0.304,9.5,0.631,0.589,6.3,0.633,2.2,11.4,13.6,5.6,1.0,1.0,3.7,3.1,29.5,11.5
Kostas Antetokounmpo,PF,5,0,4.0,0.6,1.0,0.0,,0.6,1.0,1.0,0.2,0.5,0.4,0.2,0.6,0.4,0.0,0.0,0.2,0.4,1.4,-0.7
Thanasis Antetokounmpo,SF,20,2,6.5,1.2,0.5,0.0,0.0,1.2,0.632,0.5,0.4,0.41200000000000003,0.6,0.6,1.2,0.8,0.4,0.1,0.6,0.9,2.8,-3.2
Carmelo Anthony,PF,58,58,32.8,5.8,0.43,1.5,0.385,4.3,0.44799999999999995,0.485,2.3,0.845,1.2,5.1,6.3,1.5,0.8,0.5,1.7,2.9,15.4,-3.6
OG Anunoby,SF,69,68,29.9,4.1,0.505,1.3,0.39,2.9,0.583,0.584,1.0,0.706,1.2,4.1,5.3,1.6,1.4,0.7,1.1,2.4,10.6,1.2
Ryan Arcidiacono,PG,58,4,16.0,1.6,0.409,0.9,0.391,0.6,0.439,0.532,0.5,0.711,0.3,1.6,1.9,1.7,0.5,0.1,0.6,1.7,4.5,-2.8
Trevor Ariza,SF,53,21,28.2,2.7,0.43799999999999994,1.5,0.37200000000000005,1.2,0.556,0.557,1.2,0.838,0.6,4.0,4.6,1.7,1.3,0.3,1.1,2.1,8.0,-0.5
D.J. Augustin,PG,57,13,24.9,3.2,0.39899999999999997,1.2,0.348,2.0,0.43799999999999994,0.475,2.8,0.89,0.4,1.8,2.1,4.6,0.6,0.0,1.5,1.3,10.5,-1.6
Deandre Ayton,C,38,32,32.5,8.2,0.546,0.1,0.231,8.1,0.5529999999999999,0.5479999999999999,1.8,0.753,3.9,7.6,11.5,1.9,0.7,1.5,2.1,3.1,18.2,0.4
Dwayne Bacon,SG,39,11,17.6,2.2,0.348,0.5,0.284,1.7,0.373,0.387,0.9,0.66,0.4,2.2,2.6,1.3,0.6,0.1,0.9,1.3,5.7,-6.8
Marvin Bagley III,PF,13,6,25.7,6.0,0.467,0.3,0.182,5.7,0.51,0.479,1.9,0.8059999999999999,2.2,5.2,7.5,0.8,0.5,0.9,1.4,3.3,14.2,-3.5
Lonzo Ball,PG,63,54,32.1,4.4,0.40299999999999997,2.3,0.375,2.0,0.442,0.511,0.7,0.5660000000000001,1.1,5.0,6.1,7.0,1.4,0.6,3.1,2.0,11.8,0.6
Mo Bamba,C,62,0,14.2,2.1,0.462,0.6,0.34600000000000003,1.5,0.531,0.526,0.5,0.674,1.6,3.3,4.9,0.7,0.4,1.4,0.7,1.9,5.4,0.4
J.J. Barea,PG,29,6,15.5,2.9,0.41100000000000003,1.1,0.376,1.8,0.434,0.488,0.7,0.909,0.3,1.5,1.8,3.9,0.2,0.1,1.3,0.9,7.7,-1.4
Harrison Barnes,PF,72,72,34.5,5.1,0.46,1.4,0.381,3.7,0.501,0.525,3.0,0.8009999999999999,1.1,3.9,4.9,2.2,0.6,0.2,1.2,1.3,14.5,-1.3
RJ Barrett,SG,56,55,30.4,5.2,0.402,1.1,0.32,4.1,0.43200000000000005,0.445,2.8,0.614,0.9,4.1,5.0,2.6,1.0,0.3,2.2,2.2,14.3,-4.3
Will Barton,SF,58,58,33.0,5.7,0.45,1.9,0.375,3.9,0.498,0.523,1.8,0.767,1.3,5.0,6.3,3.7,1.1,0.5,1.5,2.1,15.1,1.1
Keita Bates-Diop,SF,44,0,16.9,2.3,0.42700000000000005,0.8,0.33,1.5,0.504,0.5,1.2,0.72,0.6,2.3,2.9,0.7,0.4,0.5,0.4,1.0,6.5,-1.4
Nicolas Batum,SF,22,3,23.0,1.3,0.34600000000000003,0.6,0.28600000000000003,0.6,0.43799999999999994,0.43200000000000005,0.4,0.9,1.1,3.4,4.5,3.0,0.8,0.4,1.0,1.9,3.6,-1.9
Aron Baynes,C,42,28,22.2,4.4,0.48,1.4,0.35100000000000003,3.0,0.5820000000000001,0.5579999999999999,1.3,0.747,1.7,4.0,5.6,1.6,0.2,0.5,1.2,3.4,11.5,-1.0
Kent Bazemore,SF-SG,68,21,24.8,2.9,0.375,1.2,0.344,1.7,0.4,0.45299999999999996,1.7,0.769,0.4,3.9,4.3,1.4,1.1,0.6,1.3,2.9,8.8,-3.1
Darius Bazley,PF,61,9,18.5,2.0,0.39399999999999996,0.8,0.348,1.2,0.43200000000000005,0.47200000000000003,0.7,0.6940000000000001,0.5,3.5,4.0,0.7,0.4,0.7,0.7,0.9,5.6,-1.6
Bradley Beal,SG,57,57,36.0,10.4,0.455,3.0,0.353,7.4,0.515,0.52,6.8,0.8420000000000001,0.9,3.3,4.2,6.1,1.2,0.4,3.4,2.2,30.5,2.9
Malik Beasley,SG,55,14,22.0,4.1,0.425,1.9,0.38799999999999996,2.2,0.465,0.525,1.0,0.818,0.3,2.4,2.7,1.4,0.7,0.1,1.0,1.4,11.2,-2.1
Marco Belinelli,SG,57,0,15.5,2.2,0.392,1.2,0.376,1.0,0.41200000000000003,0.498,0.8,0.828,0.1,1.6,1.7,1.2,0.2,0.0,0.3,0.8,6.3,-2.7
Jordan Bell,C-PF,29,0,8.8,1.2,0.522,0.1,0.33299999999999996,1.1,0.564,0.552,0.7,0.613,1.0,1.8,2.8,0.6,0.1,0.3,0.7,0.7,3.2,-2.5
DeAndre' Bembry,SG,43,4,21.3,2.4,0.456,0.3,0.231,2.1,0.546,0.489,0.6,0.542,0.8,2.7,3.5,1.9,1.3,0.4,1.4,2.0,5.8,-2.5
Dragan Bender,SF,16,3,17.9,2.6,0.446,0.9,0.349,1.6,0.531,0.527,0.6,0.7140000000000001,1.0,3.6,4.6,1.8,0.3,0.6,1.3,2.6,6.7,-3.0
Dāvis Bertāns,PF,54,4,29.3,4.9,0.434,3.7,0.424,1.2,0.47100000000000003,0.598,1.9,0.852,0.6,3.9,4.5,1.7,0.7,0.6,1.1,2.6,15.4,0.9
Patrick Beverley,PG,51,50,26.3,2.9,0.431,1.6,0.38799999999999996,1.3,0.496,0.5479999999999999,0.6,0.66,1.1,4.1,5.2,3.6,1.1,0.5,1.3,3.1,7.9,2.2
Khem Birch,C,48,24,19.2,1.5,0.51,0.0,0.0,1.5,0.514,0.51,1.4,0.653,1.9,2.7,4.6,1.0,0.4,0.5,0.6,1.9,4.4,-2.4
Goga Bitadze,C,54,2,8.7,1.3,0.467,0.1,0.19,1.1,0.574,0.493,0.4,0.727,0.5,1.5,2.0,0.4,0.2,0.7,0.5,1.2,3.2,-2.3
Bismack Biyombo,C,53,29,19.4,2.8,0.5429999999999999,0.0,,2.8,0.5429999999999999,0.5429999999999999,1.7,0.603,2.3,3.5,5.8,0.9,0.2,0.9,0.9,2.2,7.4,-2.5
Nemanja Bjelica,PF,72,67,27.9,4.4,0.48100000000000004,1.9,0.419,2.5,0.541,0.583,1.0,0.821,1.5,4.8,6.4,2.8,0.9,0.6,1.4,3.0,11.5,1.7
Eric Bledsoe,PG,61,61,27.0,5.5,0.475,1.2,0.344,4.3,0.5329999999999999,0.528,2.8,0.79,0.7,3.9,4.6,5.4,0.9,0.4,2.4,2.1,14.9,1.8
Bogdan Bogdanović,SG,61,28,29.0,5.5,0.44,2.7,0.37200000000000005,2.8,0.532,0.547,1.4,0.741,0.4,3.0,3.4,3.4,1.0,0.2,1.7,2.2,15.1,0.6
Bojan Bogdanović,SF,63,63,33.1,6.6,0.447,3.0,0.414,3.6,0.479,0.5479999999999999,4.0,0.903,0.6,3.5,4.1,2.1,0.5,0.1,2.5,1.7,20.2,0.1
Bol Bol,SF,7,0,12.4,2.0,0.5,0.6,0.444,1.4,0.526,0.5710000000000001,1.1,0.8,0.7,2.0,2.7,0.9,0.3,0.9,1.4,1.6,5.7,-2.9
Jonah Bolden,PF,7,0,6.7,0.6,0.364,0.0,0.0,0.6,0.5710000000000001,0.364,0.3,0.5,0.4,0.9,1.3,0.0,0.4,0.3,0.3,1.4,1.4,-8.8
Marques Bolden,C,1,0,3.0,0.0,,0.0,,0.0,,,0.0,,0.0,2.0,2.0,0.0,1.0,0.0,0.0,1.0,0.0,5.4
Jordan Bone,PG,10,0,5.3,0.5,0.25,0.2,0.2,0.3,0.3,0.3,0.0,,0.0,0.4,0.4,0.8,0.1,0.0,0.2,0.6,1.2,-11.9
Isaac Bonga,SF,66,49,18.9,1.8,0.504,0.4,0.35200000000000004,1.4,0.5710000000000001,0.5579999999999999,1.0,0.812,1.1,2.3,3.4,1.2,0.7,0.3,0.9,2.4,5.0,-2.8
Devin Booker,SG,70,70,35.9,9.0,0.489,2.0,0.354,6.9,0.5489999999999999,0.544,6.7,0.919,0.4,3.8,4.2,6.5,0.7,0.3,3.8,3.0,26.6,2.2
Chris Boucher,PF,62,0,13.2,2.3,0.47200000000000003,0.6,0.322,1.7,0.569,0.535,1.5,0.784,1.7,2.7,4.5,0.4,0.4,1.0,0.5,1.8,6.6,2.0
Brian Bowen,SG,6,1,5.2,0.5,0.3,0.0,0.0,0.5,0.375,0.3,0.0,,0.2,1.0,1.2,0.0,0.0,0.2,0.2,0.5,1.0,-10.7
Ky Bowman,PG,45,12,22.6,3.0,0.41700000000000004,0.7,0.308,2.2,0.47200000000000003,0.469,0.8,0.8290000000000001,0.5,2.2,2.7,2.9,1.0,0.2,1.6,2.3,7.4,-4.3
Avery Bradley,SG,49,44,24.2,3.5,0.444,1.3,0.364,2.2,0.51,0.526,0.4,0.833,0.4,2.0,2.3,1.3,0.9,0.1,1.0,2.2,8.6,-2.5
Tony Bradley,C,58,3,11.4,2.2,0.667,0.1,1.0,2.1,0.6609999999999999,0.675,0.5,0.652,1.9,2.7,4.6,0.4,0.2,0.6,0.5,2.0,4.9,1.3
Jarrell Brantley,PF,9,0,10.7,1.1,0.35700000000000004,0.3,0.231,0.8,0.467,0.41100000000000003,0.1,0.5,0.2,2.0,2.2,1.2,0.3,0.6,0.8,0.8,2.7,-4.6
Ignas Brazdeikis,SF,9,0,5.9,0.7,0.273,0.1,0.111,0.6,0.385,0.295,0.4,0.8,0.2,0.3,0.6,0.4,0.0,0.1,0.2,0.3,1.9,-9.0
Corey Brewer,SG,5,0,6.6,0.4,0.5,0.0,0.0,0.4,0.667,0.5,0.2,0.33299999999999996,0.4,1.2,1.6,0.4,0.8,0.0,0.4,1.4,1.0,-3.1
Mikal Bridges,SF,73,32,28.0,3.4,0.51,1.0,0.361,2.4,0.61,0.583,1.4,0.8440000000000001,0.9,3.1,4.0,1.8,1.4,0.6,1.0,2.2,9.1,0.8
Miles Bridges,SF,65,64,30.7,4.9,0.424,1.5,0.33,3.4,0.486,0.489,1.6,0.809,1.4,4.2,5.6,1.8,0.6,0.7,1.5,2.0,13.0,-2.5
Oshae Brissett,SF,19,0,7.1,0.7,0.361,0.2,0.2,0.5,0.47600000000000003,0.40299999999999997,0.4,0.8,0.5,0.9,1.4,0.4,0.2,0.1,0.4,0.9,1.9,-5.4
Ryan Broekhoff,SG,17,1,10.6,1.3,0.373,1.2,0.392,0.1,0.25,0.542,0.4,0.875,0.3,2.2,2.5,0.6,0.3,0.2,0.4,0.9,4.2,0.7
Malcolm Brogdon,PG,54,54,30.9,6.0,0.43799999999999994,1.4,0.326,4.6,0.488,0.489,3.1,0.892,0.9,4.0,4.9,7.1,0.6,0.2,2.4,1.8,16.5,1.8
Dillon Brooks,SG,73,73,28.9,6.0,0.40700000000000003,2.0,0.358,3.9,0.43799999999999994,0.47600000000000003,2.2,0.8079999999999999,0.9,2.4,3.3,2.1,0.9,0.4,1.7,3.8,16.2,-4.1
Bruce Brown,SG,58,43,28.2,3.4,0.44299999999999995,0.6,0.344,2.8,0.47,0.48,1.5,0.7390000000000001,1.1,3.7,4.7,4.0,1.1,0.5,1.7,2.8,8.9,-1.2
Charlie Brown,SG,10,0,4.0,0.6,0.316,0.3,0.33299999999999996,0.3,0.3,0.395,0.5,1.0,0.2,0.2,0.4,0.2,0.2,0.2,0.3,0.3,2.0,-2.5
Jaylen Brown,SF,57,57,33.9,7.5,0.48100000000000004,2.3,0.382,5.2,0.5429999999999999,0.5539999999999999,3.1,0.7240000000000001,1.1,5.3,6.4,2.1,1.1,0.4,2.2,2.9,20.3,0.8
Moses Brown,C,9,0,3.7,0.4,0.4,0.0,,0.4,0.4,0.4,0.3,0.375,0.3,1.2,1.6,0.1,0.1,0.1,0.3,0.8,1.2,-10.0
Sterling Brown,SF,52,1,14.8,1.8,0.371,0.8,0.324,1.0,0.425,0.457,0.6,0.8,0.6,2.9,3.5,1.0,0.6,0.1,0.8,1.0,5.1,-2.0
Troy Brown Jr.,SG,69,22,25.8,4.0,0.439,0.9,0.341,3.1,0.479,0.488,1.6,0.784,1.1,4.4,5.6,2.6,1.2,0.1,1.1,1.9,10.4,-1.3
Jalen Brunson,PG,57,16,17.9,3.2,0.466,0.8,0.358,2.4,0.515,0.522,1.1,0.813,0.4,2.0,2.4,3.3,0.4,0.1,1.2,1.3,8.2,-0.9
Thomas Bryant,C,46,36,24.9,5.3,0.581,0.8,0.40700000000000003,4.5,0.63,0.626,1.9,0.741,2.1,5.1,7.2,1.8,0.5,1.1,1.2,2.2,13.2,2.2
Reggie Bullock,SG,29,19,23.6,3.1,0.402,1.3,0.33299999999999996,1.8,0.469,0.484,0.6,0.81,0.4,1.9,2.3,1.4,0.9,0.1,0.7,1.9,8.1,-3.0
Trey Burke,PG,33,1,15.8,2.8,0.45,1.0,0.42700000000000005,1.9,0.46299999999999997,0.526,0.7,0.7929999999999999,0.5,1.0,1.5,2.5,0.5,0.1,0.6,1.0,7.4,-0.2
Alec Burks,SG,66,19,26.6,4.9,0.418,1.8,0.385,3.1,0.439,0.493,3.6,0.887,0.7,3.5,4.3,2.9,0.9,0.3,1.4,1.9,15.0,0.5
Deonte Burton,SG,39,0,9.1,1.1,0.344,0.3,0.18899999999999997,0.8,0.45799999999999996,0.384,0.2,0.5710000000000001,0.2,1.3,1.5,0.4,0.2,0.3,0.5,0.9,2.7,-6.8
Jimmy Butler,SF,58,58,33.8,5.9,0.455,0.5,0.244,5.4,0.495,0.474,7.6,0.8340000000000001,1.8,4.8,6.7,6.0,1.8,0.6,2.2,1.4,19.9,5.4
Bruno Caboclo,C,30,0,8.1,1.3,0.42700000000000005,0.2,0.182,1.1,0.5710000000000001,0.461,0.3,0.889,0.8,1.2,2.0,0.4,0.5,0.6,0.4,1.0,3.0,-2.1
Devontae Cacok,C,1,0,9.0,3.0,0.5,0.0,,3.0,0.5,0.5,0.0,,2.0,3.0,5.0,1.0,0.0,0.0,0.0,0.0,6.0,0.2
Kentavious Caldwell-Pope,SG,69,26,25.5,3.4,0.467,1.3,0.385,2.1,0.541,0.5579999999999999,1.1,0.775,0.6,1.5,2.1,1.6,0.8,0.2,0.9,1.9,9.3,-0.8
Vlatko Čančar,SF,14,0,3.2,0.4,0.4,0.1,0.16699999999999998,0.4,0.556,0.433,0.3,1.0,0.4,0.4,0.7,0.2,0.1,0.1,0.2,0.5,1.2,-4.6
Clint Capela,C,39,39,32.8,6.3,0.629,0.0,,6.3,0.629,0.629,1.4,0.529,4.3,9.5,13.8,1.2,0.8,1.8,1.6,2.6,13.9,1.4
DeMarre Carroll,SF-PF,24,0,12.1,1.0,0.379,0.3,0.242,0.7,0.515,0.439,1.2,0.69,0.5,1.8,2.3,1.0,0.3,0.2,0.7,1.3,3.6,-3.9
Jevon Carter,PG,58,2,16.3,1.7,0.41600000000000004,1.1,0.425,0.7,0.402,0.5429999999999999,0.4,0.852,0.5,1.5,2.0,1.4,0.8,0.3,0.6,1.5,4.9,0.6
Vince Carter,SF,60,0,14.6,1.8,0.35200000000000004,1.0,0.302,0.8,0.451,0.452,0.4,0.7929999999999999,0.3,1.8,2.1,0.8,0.4,0.4,0.6,1.5,5.0,-4.3
Wendell Carter Jr.,C,43,43,29.2,4.3,0.534,0.1,0.207,4.1,0.564,0.542,2.6,0.737,3.2,6.2,9.4,1.2,0.8,0.8,1.7,3.8,11.3,-2.4
Michael Carter-Williams,SG,45,0,18.5,2.5,0.42700000000000005,0.5,0.293,2.0,0.48100000000000004,0.469,1.8,0.8320000000000001,1.0,2.2,3.3,2.4,1.1,0.5,1.2,1.9,7.2,0.1
Alex Caruso,PG,64,2,18.4,1.9,0.41200000000000003,0.6,0.33299999999999996,1.3,0.46799999999999997,0.48100000000000004,1.1,0.7340000000000001,0.3,1.7,1.9,1.9,1.1,0.3,0.8,1.5,5.5,-0.2
Willie Cauley-Stein,C,54,39,20.3,3.2,0.579,0.0,0.0,3.2,0.581,0.579,0.7,0.606,1.6,4.3,5.8,1.3,0.9,1.1,0.7,2.2,7.2,0.5
Tyson Chandler,C,26,5,8.4,0.5,0.778,0.0,,0.5,0.778,0.778,0.2,0.462,1.0,1.6,2.5,0.2,0.2,0.3,0.3,1.2,1.3,-1.5
Wilson Chandler,SF,35,3,21.0,2.1,0.40399999999999997,1.1,0.306,1.1,0.597,0.505,0.6,0.87,0.3,3.8,4.1,1.1,0.5,0.3,1.0,2.3,5.9,-2.7
Joe Chealey,PG,4,0,8.3,0.0,0.0,0.0,0.0,0.0,0.0,0.0,0.5,1.0,0.0,0.0,0.0,0.3,1.0,0.0,0.5,0.5,0.5,-12.5
Zylan Cheatham,SF,4,0,12.8,1.5,0.667,0.0,0.0,1.5,0.75,0.667,0.0,,0.8,1.5,2.3,0.8,0.3,0.3,1.0,2.5,3.0,-7.1
Chris Chiozza,PG,28,2,14.3,2.0,0.39299999999999996,1.0,0.375,1.0,0.41200000000000003,0.489,0.2,1.0,0.3,1.6,1.9,3.0,0.8,0.1,1.1,1.3,5.1,-1.2
Marquese Chriss,PF,59,21,20.3,3.6,0.545,0.1,0.205,3.4,0.584,0.556,2.0,0.769,1.9,4.3,6.2,1.9,0.7,1.1,1.3,2.1,9.3,0.6
Gary Clark,PF,42,5,13.5,1.3,0.406,0.9,0.35100000000000003,0.4,0.682,0.5529999999999999,0.2,0.9,0.9,1.7,2.6,0.4,0.1,0.5,0.2,1.1,3.7,-1.9
Brandon Clarke,PF,58,4,22.4,5.1,0.618,0.4,0.359,4.7,0.6579999999999999,0.642,1.5,0.759,1.6,4.4,5.9,1.4,0.6,0.8,0.9,1.7,12.1,3.1
Jordan Clarkson,SG,71,2,24.0,5.5,0.45399999999999996,2.1,0.368,3.4,0.5329999999999999,0.542,1.9,0.836,0.7,1.9,2.6,1.9,0.6,0.2,1.4,1.5,15.2,1.1
Nicolas Claxton,PF,15,0,12.5,1.8,0.563,0.1,0.14300000000000002,1.7,0.634,0.573,0.7,0.524,1.3,1.7,2.9,1.1,0.1,0.5,0.6,0.9,4.4,-0.6
Chris Clemons,SG,33,0,8.8,1.7,0.401,1.1,0.34600000000000003,0.6,0.5710000000000001,0.532,0.3,0.909,0.1,0.8,0.9,0.8,0.3,0.2,0.6,0.8,4.9,-1.0
Antonius Cleveland,SG,11,0,4.2,0.4,0.28600000000000003,0.0,0.0,0.4,0.364,0.28600000000000003,0.3,0.6,0.2,0.5,0.6,0.1,0.1,0.3,0.2,0.7,1.0,-10.1
Amir Coffey,SG,18,1,8.8,1.3,0.426,0.3,0.316,0.9,0.486,0.48100000000000004,0.3,0.545,0.2,0.7,0.9,0.8,0.3,0.1,0.4,1.1,3.2,-4.1
John Collins,PF,41,41,33.2,8.6,0.583,1.4,0.401,7.2,0.642,0.632,2.9,0.8,2.8,7.3,10.1,1.5,0.8,1.6,1.8,3.4,21.6,3.1
Zach Collins,PF,11,11,26.4,2.9,0.47100000000000003,0.6,0.368,2.3,0.51,0.522,0.5,0.75,2.3,4.0,6.3,1.5,0.5,0.5,1.3,3.3,7.0,-3.1
Mike Conley,PG,47,41,29.0,4.9,0.409,2.0,0.375,2.9,0.43700000000000006,0.494,2.4,0.8270000000000001,0.7,2.5,3.2,4.4,0.8,0.1,2.0,2.2,14.4,0.3
Pat Connaughton,SG,67,4,18.6,2.0,0.455,0.8,0.331,1.2,0.607,0.547,0.5,0.775,0.9,3.3,4.2,1.6,0.4,0.5,0.8,1.0,5.4,0.6
Quinn Cook,PG,44,1,11.5,2.1,0.425,0.7,0.365,1.4,0.465,0.498,0.3,0.7859999999999999,0.3,0.9,1.2,1.1,0.3,0.0,0.8,0.6,5.1,-3.8
Tyler Cook,PF,13,0,4.2,0.6,0.667,0.0,,0.6,0.667,0.667,0.5,0.875,0.5,0.6,1.1,0.1,0.2,0.0,0.2,0.4,1.8,-0.4
Robert Covington,PF-C,70,68,30.5,4.4,0.42200000000000004,2.3,0.335,2.1,0.593,0.5329999999999999,1.4,0.7979999999999999,0.9,5.7,6.6,1.3,1.6,1.3,1.5,3.1,12.4,0.0
Allen Crabbe,SG,37,1,17.6,1.7,0.35600000000000004,1.0,0.303,0.7,0.466,0.45799999999999996,0.3,0.7140000000000001,0.3,1.8,2.1,0.9,0.4,0.1,0.5,1.3,4.6,-5.3
Torrey Craig,SF,58,27,18.5,2.1,0.461,0.8,0.326,1.4,0.603,0.545,0.4,0.611,1.1,2.2,3.3,0.8,0.4,0.6,0.4,2.3,5.4,-2.3
Jamal Crawford,SG,1,0,6.0,2.0,0.5,1.0,0.5,1.0,0.5,0.625,0.0,,0.0,0.0,0.0,3.0,0.0,0.0,0.0,1.0,5.0,15.0
Jae Crowder,SF,65,53,28.8,3.5,0.401,2.1,0.34299999999999997,1.4,0.5379999999999999,0.521,1.5,0.7759999999999999,0.8,5.1,5.9,2.5,1.1,0.4,1.1,2.2,10.5,-0.1
Jarrett Culver,SG,63,35,23.9,3.7,0.40399999999999997,1.0,0.299,2.6,0.47100000000000003,0.462,0.9,0.462,1.1,2.3,3.4,1.7,0.9,0.6,1.3,2.0,9.2,-4.0
Seth Curry,SG,64,25,24.6,4.4,0.495,2.3,0.452,2.2,0.5489999999999999,0.621,1.3,0.825,0.4,1.8,2.3,1.9,0.6,0.1,1.0,1.8,12.4,0.8
Stephen Curry,PG,5,5,27.8,6.6,0.402,2.4,0.245,4.2,0.636,0.47600000000000003,5.2,1.0,0.8,4.4,5.2,6.6,1.0,0.4,3.2,2.2,20.8,3.9
Troy Daniels,SG,47,0,11.3,1.5,0.387,1.0,0.348,0.6,0.48100000000000004,0.511,0.2,0.625,0.3,0.9,1.1,0.4,0.2,0.1,0.3,0.8,4.3,-2.9
Anthony Davis,PF,62,62,34.4,8.9,0.503,1.2,0.33,7.7,0.546,0.536,7.2,0.846,2.3,7.0,9.3,3.2,1.5,2.3,2.5,2.5,26.1,8.0
Ed Davis,C,28,1,10.8,0.8,0.478,0.0,,0.8,0.478,0.478,0.3,0.5,1.3,2.5,3.8,0.4,0.4,0.3,0.5,2.2,1.8,-3.2
Terence Davis,SG,72,4,16.8,2.8,0.456,1.3,0.38799999999999996,1.5,0.541,0.564,0.7,0.8640000000000001,0.7,2.6,3.3,1.6,0.5,0.2,1.1,1.7,7.5,0.8
Dewayne Dedmon,C,44,18,17.6,2.3,0.4,0.5,0.20600000000000002,1.8,0.541,0.44299999999999995,0.7,0.833,1.4,4.3,5.7,0.5,0.6,0.9,1.3,3.0,5.8,-5.8
Matthew Dellavedova,PG,57,4,14.4,1.1,0.354,0.4,0.231,0.7,0.488,0.414,0.6,0.865,0.3,1.0,1.3,3.2,0.4,0.0,1.0,1.4,3.1,-5.2
DeMar DeRozan,SF,68,68,34.1,8.2,0.531,0.1,0.257,8.1,0.54,0.535,5.6,0.845,0.6,4.9,5.5,5.6,1.0,0.3,2.4,2.6,22.1,1.9
Cheick Diallo,C,47,2,10.2,2.0,0.648,0.0,0.33299999999999996,1.9,0.655,0.6509999999999999,0.7,0.872,0.6,2.1,2.8,0.5,0.2,0.3,0.7,1.2,4.7,-1.3
Hamidou Diallo,SF,46,3,19.5,2.9,0.446,0.3,0.281,2.5,0.485,0.473,0.8,0.603,1.0,2.7,3.6,0.8,0.8,0.2,1.1,2.2,6.9,-3.9
Gorgui Dieng,C,63,17,17.4,2.6,0.456,0.9,0.355,1.8,0.528,0.53,1.2,0.772,1.4,4.2,5.6,1.2,0.8,0.9,1.0,2.0,7.4,1.5
Spencer Dinwiddie,SG,64,49,31.2,6.6,0.415,1.9,0.308,4.7,0.485,0.47600000000000003,5.4,0.778,0.5,3.0,3.5,6.8,0.6,0.3,2.7,2.8,20.6,1.8
Donte DiVincenzo,SG,66,24,23.0,3.5,0.455,1.3,0.336,2.3,0.5670000000000001,0.536,1.0,0.733,1.0,3.8,4.8,2.3,1.3,0.3,1.4,1.7,9.2,1.3
Luka Dončić,PG,61,61,33.6,9.5,0.46299999999999997,2.8,0.316,6.7,0.574,0.531,7.0,0.758,1.3,8.1,9.4,8.8,1.0,0.2,4.3,2.5,28.8,8.4
Luguentz Dort,SG,36,28,22.8,2.4,0.39399999999999996,0.8,0.297,1.6,0.479,0.46299999999999997,1.2,0.792,0.7,1.6,2.3,0.8,0.9,0.1,0.6,2.7,6.8,-3.7
Damyean Dotson,SG,48,0,17.4,2.5,0.414,1.2,0.36200000000000004,1.3,0.48,0.516,0.5,0.667,0.2,1.7,1.9,1.2,0.5,0.1,0.4,0.9,6.7,-1.5
Sekou Doumbouya,SF,38,19,19.8,2.4,0.39,0.7,0.28600000000000003,1.7,0.46399999999999997,0.449,0.8,0.674,0.5,2.6,3.1,0.5,0.5,0.2,0.9,2.1,6.4,-6.7
PJ Dozier,PG,29,0,14.2,2.2,0.414,0.6,0.34700000000000003,1.7,0.444,0.46799999999999997,0.7,0.7240000000000001,0.3,1.6,1.9,2.2,0.5,0.2,0.9,1.6,5.8,-3.9
Goran Dragić,PG,59,3,28.2,5.4,0.441,2.1,0.36700000000000005,3.3,0.505,0.526,3.2,0.7759999999999999,0.5,2.7,3.2,5.1,0.7,0.2,2.4,2.1,16.2,-0.1
Andre Drummond,C,57,56,33.0,7.3,0.5329999999999999,0.1,0.14300000000000002,7.2,0.551,0.536,3.0,0.575,4.4,10.8,15.2,2.7,1.9,1.6,3.6,3.5,17.7,0.9
Jared Dudley,SF,45,1,8.1,0.5,0.4,0.4,0.429,0.1,0.33299999999999996,0.55,0.0,1.0,0.1,1.0,1.2,0.6,0.3,0.1,0.2,0.9,1.5,-0.8
Kris Dunn,PG,51,32,24.9,3.0,0.444,0.6,0.259,2.4,0.535,0.48700000000000004,0.8,0.741,0.5,3.2,3.6,3.4,2.0,0.3,1.3,3.1,7.3,-0.6
Carsen Edwards,SG,37,0,9.5,1.1,0.32799999999999996,0.6,0.316,0.5,0.34600000000000003,0.42200000000000004,0.4,0.684,0.2,1.1,1.3,0.6,0.3,0.1,0.4,0.9,3.3,-4.6
Henry Ellenson,PF,5,0,3.0,0.2,0.14300000000000002,0.0,0.0,0.2,0.33299999999999996,0.14300000000000002,0.0,,0.4,0.8,1.2,0.2,0.0,0.0,0.0,0.2,0.4,-10.9
Wayne Ellington,SG,36,1,15.5,1.7,0.35100000000000003,1.4,0.35,0.3,0.355,0.494,0.3,0.846,0.1,1.7,1.8,1.2,0.4,0.1,0.5,1.1,5.1,-2.9
Joel Embiid,C,51,51,29.5,7.5,0.47700000000000004,1.1,0.331,6.4,0.517,0.512,6.9,0.807,2.8,8.9,11.6,3.0,0.9,1.3,3.1,3.4,23.0,4.7
James Ennis,SF,69,18,18.3,2.3,0.446,0.8,0.325,1.5,0.5529999999999999,0.522,1.1,0.8059999999999999,1.0,2.5,3.6,0.9,0.5,0.3,0.8,2.0,6.6,-2.6
Drew Eubanks,PF,22,3,12.4,2.0,0.642,0.0,1.0,1.9,0.636,0.649,0.9,0.769,1.3,2.6,3.9,0.7,0.2,0.8,1.0,1.7,4.9,-1.7
Jacob Evans,SG,29,1,14.4,1.6,0.336,0.4,0.33299999999999996,1.1,0.337,0.384,0.9,0.862,0.3,1.1,1.4,1.1,0.4,0.4,0.9,1.4,4.4,-7.1
Dante Exum,SG,35,1,13.9,1.6,0.47100000000000003,0.4,0.349,1.2,0.539,0.534,0.9,0.7440000000000001,0.3,1.6,1.9,1.1,0.4,0.2,0.9,1.1,4.5,-2.9
Tacko Fall,C,7,0,4.7,1.6,0.7859999999999999,0.0,,1.6,0.7859999999999999,0.7859999999999999,0.1,0.33299999999999996,0.1,2.0,2.1,0.1,0.1,0.6,0.4,1.0,3.3,6.5
Derrick Favors,C,51,49,24.4,4.1,0.617,0.0,0.14300000000000002,4.1,0.627,0.618,0.8,0.563,3.2,6.6,9.8,1.6,0.6,0.9,1.1,2.1,9.0,1.0
Cristiano Felício,PF,22,0,17.5,1.5,0.63,0.0,0.0,1.5,0.654,0.63,0.8,0.7829999999999999,2.5,2.1,4.6,0.7,0.5,0.1,0.8,1.5,3.9,-3.0
Terrance Ferguson,SF,56,38,22.4,1.4,0.355,0.9,0.292,0.5,0.5579999999999999,0.466,0.3,0.75,0.4,0.9,1.3,0.9,0.5,0.3,0.6,2.8,3.9,-4.5
Bruno Fernando,C,56,13,12.7,1.8,0.518,0.1,0.135,1.8,0.605,0.53,0.5,0.569,1.2,2.3,3.5,0.9,0.3,0.3,0.8,1.9,4.3,-4.1
Yogi Ferrell,PG,50,0,10.6,1.6,0.42,0.5,0.304,1.1,0.505,0.484,0.7,0.857,0.1,0.9,1.0,1.4,0.4,0.1,0.6,0.8,4.4,-1.8
Dorian Finney-Smith,PF,71,68,29.9,3.4,0.466,1.6,0.376,1.8,0.589,0.575,1.1,0.722,2.0,3.7,5.7,1.6,0.6,0.5,1.0,2.5,9.5,-0.2
Bryn Forbes,SG,63,62,25.1,3.8,0.41700000000000004,2.3,0.38799999999999996,1.5,0.47,0.544,1.2,0.833,0.2,1.8,2.0,1.7,0.5,0.0,0.9,1.8,11.2,-2.7
Evan Fournier,SG,66,66,31.5,6.6,0.467,2.6,0.39899999999999997,4.0,0.527,0.56,2.7,0.818,0.3,2.3,2.6,3.2,1.1,0.2,1.9,2.4,18.5,1.0
De'Aaron Fox,PG,51,49,32.0,7.7,0.48,1.1,0.292,6.6,0.535,0.513,4.7,0.705,0.7,3.2,3.8,6.8,1.5,0.5,3.1,2.8,21.1,1.8
Melvin Frazier,SG,19,0,6.6,0.8,0.441,0.4,0.5,0.4,0.389,0.5589999999999999,0.1,0.5,0.1,0.4,0.5,0.2,0.5,0.1,0.3,0.6,2.1,-2.3
Michael Frazier,SG,13,0,11.2,0.5,0.24100000000000002,0.3,0.174,0.2,0.5,0.31,0.7,0.643,0.1,0.7,0.8,0.2,0.2,0.0,0.4,1.7,2.1,-11.0
Tim Frazier,PG,27,11,13.1,1.3,0.36200000000000004,0.4,0.33299999999999996,0.9,0.375,0.415,0.7,0.792,0.3,0.9,1.2,3.4,0.5,0.1,1.3,1.6,3.6,-4.6
Markelle Fultz,PG,72,60,27.7,5.0,0.465,0.5,0.267,4.5,0.507,0.488,1.6,0.73,0.6,2.7,3.3,5.1,1.3,0.2,2.0,2.0,12.1,-1.8
Wenyen Gabriel,PF,30,1,7.8,0.7,0.43799999999999994,0.2,0.3,0.5,0.536,0.5,0.5,0.682,0.7,1.0,1.7,0.3,0.4,0.2,0.5,1.3,2.1,-3.8
Daniel Gafford,C,43,7,14.2,2.2,0.701,0.0,,2.2,0.701,0.701,0.7,0.5329999999999999,1.2,1.3,2.5,0.5,0.3,1.3,0.7,2.3,5.1,-1.3
Danilo Gallinari,PF,62,62,29.6,5.8,0.43799999999999994,2.9,0.405,2.9,0.47600000000000003,0.547,4.3,0.893,0.5,4.6,5.2,1.9,0.7,0.1,1.2,1.2,18.7,3.3
Langston Galloway,SG,66,6,25.8,3.6,0.435,2.0,0.39899999999999997,1.6,0.493,0.557,1.1,0.8590000000000001,0.5,1.8,2.3,1.5,0.7,0.2,0.6,1.5,10.3,-0.8
Darius Garland,PG,59,59,30.9,4.7,0.401,1.8,0.355,3.0,0.434,0.47600000000000003,1.1,0.875,0.5,1.4,1.9,3.9,0.7,0.1,2.6,1.6,12.3,-5.6
Marc Gasol,C,44,43,26.4,2.7,0.42700000000000005,1.3,0.385,1.4,0.473,0.529,0.8,0.735,0.7,5.5,6.3,3.3,0.8,0.9,1.3,2.8,7.5,1.6
Rudy Gay,PF,67,5,21.8,4.0,0.446,1.1,0.336,2.9,0.511,0.508,1.8,0.882,0.9,4.5,5.4,1.7,0.5,0.5,1.3,1.5,10.8,-0.8
Paul George,SF,48,48,29.6,7.1,0.439,3.3,0.41200000000000003,3.9,0.46399999999999997,0.539,4.0,0.8759999999999999,0.5,5.2,5.7,3.9,1.4,0.4,2.6,2.4,21.5,4.9
Taj Gibson,C,62,56,16.5,2.7,0.584,0.1,0.28600000000000003,2.6,0.599,0.591,0.7,0.732,1.8,2.5,4.3,0.8,0.4,0.5,0.8,2.0,6.1,-1.1
Harry Giles,PF,46,17,14.5,3.0,0.5539999999999999,0.0,0.0,3.0,0.5579999999999999,0.5539999999999999,0.8,0.7759999999999999,0.9,3.2,4.1,1.3,0.5,0.4,1.0,2.6,6.9,-1.3
Shai Gilgeous-Alexander,SG,70,70,34.7,6.8,0.47100000000000003,1.2,0.34700000000000003,5.6,0.512,0.514,4.1,0.807,0.7,5.2,5.9,3.3,1.1,0.7,1.9,1.7,19.0,1.7
Rudy Gobert,C,68,68,34.3,5.7,0.693,0.0,,5.7,0.693,0.693,3.7,0.63,3.4,10.1,13.5,1.5,0.8,2.0,1.9,3.2,15.1,3.6
Brandon Goodwin,PG,34,1,12.6,2.2,0.4,0.8,0.299,1.5,0.485,0.46799999999999997,0.8,0.9329999999999999,0.3,1.8,2.1,1.5,0.4,0.1,0.9,1.3,6.1,-2.9
Aaron Gordon,PF,62,62,32.5,5.4,0.43700000000000006,1.2,0.308,4.2,0.494,0.484,2.4,0.674,1.7,5.9,7.7,3.7,0.8,0.6,1.6,2.0,14.4,0.0
Eric Gordon,SF,36,15,28.2,4.8,0.369,2.7,0.317,2.1,0.469,0.473,2.3,0.7659999999999999,0.3,1.7,2.0,1.5,0.6,0.4,1.2,1.9,14.4,-3.9
Devonte' Graham,PG,63,53,35.1,5.8,0.382,3.5,0.373,2.4,0.397,0.495,3.0,0.82,0.7,2.7,3.4,7.5,1.0,0.2,2.9,1.8,18.2,0.5
Treveon Graham,SG,55,20,16.9,1.6,0.36,0.6,0.275,1.0,0.44299999999999995,0.428,0.7,0.643,0.9,1.8,2.7,0.8,0.4,0.1,0.5,1.9,4.4,-5.6
Jerami Grant,PF,71,24,26.6,4.3,0.478,1.4,0.389,2.9,0.537,0.555,2.1,0.75,0.8,2.7,3.5,1.2,0.7,0.8,0.9,2.2,12.0,-0.5
Jerian Grant,PG,6,0,13.3,1.7,0.37,0.3,0.25,1.3,0.42100000000000004,0.40700000000000003,0.8,0.7140000000000001,0.3,0.7,1.0,1.5,0.2,0.2,0.5,1.8,4.5,-6.8
Josh Gray,PG,2,0,11.5,0.5,0.5,0.0,,0.5,0.5,0.5,0.0,,0.5,0.5,1.0,1.0,0.0,0.0,2.5,0.5,1.0,-16.0
Danny Green,SG,68,68,24.8,2.9,0.41600000000000004,1.8,0.36700000000000005,1.1,0.524,0.542,0.5,0.688,0.8,2.6,3.3,1.3,1.3,0.5,0.9,2.0,8.0,0.5
Draymond Green,PF,43,43,28.4,2.9,0.389,0.8,0.27899999999999997,2.0,0.465,0.446,1.5,0.759,0.5,5.7,6.2,6.2,1.4,0.8,2.3,2.6,8.0,-0.2
JaMychal Green,PF,63,1,20.7,2.4,0.429,1.5,0.387,0.9,0.518,0.56,0.6,0.75,1.2,4.9,6.2,0.8,0.5,0.4,0.9,2.8,6.8,-0.5
Javonte Green,SF,48,2,9.8,1.3,0.5,0.2,0.273,1.1,0.581,0.536,0.6,0.667,0.5,1.4,1.9,0.5,0.5,0.2,0.5,0.9,3.4,-0.7
Jeff Green,PF-C,48,4,20.0,3.3,0.462,1.3,0.33899999999999997,2.0,0.602,0.552,1.5,0.802,0.5,2.3,2.8,1.0,0.5,0.4,0.9,1.9,9.4,-0.1
Blake Griffin,PF,18,18,28.4,4.9,0.35200000000000004,1.5,0.243,3.4,0.439,0.406,4.2,0.7759999999999999,0.9,3.7,4.7,3.3,0.4,0.4,2.2,1.5,15.5,-4.3
Marko Guduric,SG,44,0,11.0,1.4,0.395,0.6,0.301,0.8,0.5,0.475,0.5,0.9229999999999999,0.3,1.3,1.7,1.0,0.3,0.2,0.8,0.8,3.9,-3.4
Kyle Guy,SG,3,0,3.3,0.7,0.4,0.0,0.0,0.7,1.0,0.4,0.0,,0.0,0.3,0.3,0.3,0.0,0.0,0.0,0.3,1.3,-12.3
Rui Hachimura,PF,48,48,30.1,5.3,0.466,0.5,0.287,4.8,0.5,0.489,2.4,0.8290000000000001,1.6,4.5,6.1,1.8,0.8,0.2,1.1,2.2,13.5,-3.2
Devon Hall,SG,11,0,7.4,0.5,0.2,0.4,0.235,0.2,0.154,0.267,0.4,0.5,0.2,0.5,0.6,1.2,0.4,0.1,0.5,0.5,1.8,-6.4
Donta Hall,PF,9,0,14.8,1.7,0.682,0.0,,1.7,0.682,0.682,1.0,0.5,1.6,2.7,4.2,0.4,0.3,0.7,0.6,2.6,4.3,-3.7
Dusty Hannahs,SG,2,0,6.5,2.0,0.444,1.0,0.667,1.0,0.33299999999999996,0.556,1.0,1.0,0.0,0.5,0.5,0.0,0.0,0.0,0.0,0.5,6.0,3.1
Tim Hardaway Jr.,SG,71,58,29.5,5.4,0.434,2.9,0.39799999999999996,2.5,0.485,0.55,2.1,0.8190000000000001,0.4,2.9,3.3,1.9,0.6,0.1,1.0,1.8,15.8,-0.1
James Harden,SG,68,68,36.5,9.9,0.444,4.4,0.355,5.5,0.556,0.5429999999999999,10.2,0.865,1.0,5.5,6.6,7.5,1.8,0.9,4.5,3.3,34.3,9.6
Maurice Harkless,SF,62,48,23.0,2.3,0.502,0.5,0.34700000000000003,1.7,0.584,0.562,0.6,0.591,0.9,3.0,3.9,1.1,0.9,0.5,0.9,2.4,5.8,-0.7
Jared Harper,PG,3,0,2.7,0.3,0.25,0.0,0.0,0.3,0.5,0.25,0.0,,0.0,0.0,0.0,0.0,0.0,0.0,0.0,0.0,0.7,-15.7
Montrezl Harrell,C,63,2,27.8,7.5,0.58,0.0,0.0,7.5,0.593,0.58,3.7,0.6579999999999999,2.6,4.5,7.1,1.7,0.6,1.1,1.7,2.3,18.6,2.9
Gary Harris,SG,56,55,31.8,3.9,0.42,1.3,0.33299999999999996,2.6,0.479,0.48700000000000004,1.3,0.815,0.5,2.4,2.9,2.1,1.4,0.3,1.1,2.1,10.4,-2.5
Joe Harris,SF,69,69,30.8,5.5,0.486,2.5,0.424,3.0,0.5529999999999999,0.596,0.9,0.7190000000000001,0.9,3.4,4.3,2.1,0.6,0.2,1.5,2.3,14.5,-0.2
Tobias Harris,PF,72,72,34.3,7.7,0.47100000000000003,1.8,0.36700000000000005,5.9,0.517,0.527,2.4,0.8059999999999999,1.0,5.9,6.9,3.2,0.7,0.6,1.4,2.3,19.6,0.8
Shaquille Harrison,SF,43,10,11.3,1.8,0.467,0.4,0.381,1.4,0.496,0.515,0.9,0.78,0.5,1.5,2.0,1.1,0.8,0.4,0.4,1.3,4.9,2.8
Josh Hart,SF,65,16,27.0,3.5,0.423,1.9,0.342,1.6,0.584,0.537,1.3,0.7390000000000001,0.9,5.6,6.5,1.7,1.0,0.4,1.2,2.5,10.1,-0.7
Isaiah Hartenstein,C,23,2,11.6,1.9,0.657,0.0,0.0,1.9,0.71,0.657,0.8,0.679,1.3,2.7,3.9,0.8,0.4,0.5,0.7,1.8,4.7,0.3
Udonis Haslem,PF,4,1,11.0,1.0,0.364,0.3,0.33299999999999996,0.8,0.375,0.409,0.8,0.75,0.3,3.8,4.0,0.3,0.0,0.0,0.3,1.5,3.0,-7.6
Jaxson Hayes,C,64,14,16.9,2.7,0.672,0.0,0.25,2.7,0.6779999999999999,0.674,1.9,0.647,1.5,2.5,4.0,0.9,0.4,0.9,0.8,2.5,7.4,-0.3
Gordon Hayward,SF,52,52,33.5,6.7,0.5,1.6,0.38299999999999995,5.1,0.5539999999999999,0.561,2.4,0.855,1.1,5.6,6.7,4.1,0.7,0.4,1.8,1.8,17.5,2.7
John Henson,PF,40,8,15.0,2.4,0.556,0.2,0.222,2.2,0.644,0.579,0.6,0.5,1.2,2.9,4.1,1.4,0.6,1.1,0.9,2.0,5.5,0.9
Dewan Hernandez,C,6,0,4.7,0.8,0.35700000000000004,0.2,0.5,0.7,0.33299999999999996,0.39299999999999996,0.5,0.6,0.8,1.5,2.3,0.5,0.2,0.0,0.5,1.0,2.3,-9.6
Juan Hernangómez,PF,48,14,17.4,2.1,0.405,0.9,0.341,1.2,0.475,0.494,0.9,0.62,0.9,3.2,4.1,0.8,0.4,0.2,0.7,1.3,6.0,-3.4
Willy Hernangómez,C,31,0,12.1,2.4,0.532,0.2,0.22699999999999998,2.2,0.59,0.55,1.2,0.627,1.4,2.9,4.3,0.9,0.3,0.2,1.0,1.0,6.1,0.1
Tyler Herro,SG,55,8,27.4,4.9,0.428,2.1,0.389,2.8,0.462,0.52,1.6,0.87,0.3,3.8,4.1,2.2,0.6,0.2,1.6,1.4,13.5,-1.6
Kevin Hervey,PF,10,0,5.2,0.7,0.259,0.3,0.15,0.4,0.5710000000000001,0.315,0.0,,0.1,1.1,1.2,0.5,0.1,0.1,0.0,0.4,1.7,-5.1
Mario Hezonja,PF,53,4,16.4,1.7,0.42200000000000004,0.5,0.308,1.3,0.486,0.47700000000000004,0.9,0.8140000000000001,0.6,2.9,3.5,0.9,0.7,0.2,0.8,2.0,4.8,-2.9
Buddy Hield,SG,72,44,30.8,6.9,0.429,3.8,0.39399999999999996,3.2,0.479,0.545,1.6,0.846,0.8,3.8,4.6,3.0,0.9,0.2,2.3,2.3,19.2,1.1
George Hill,PG,59,2,21.5,3.3,0.516,1.4,0.46,1.9,0.565,0.624,1.4,0.8420000000000001,0.8,2.2,3.0,3.1,0.8,0.1,1.0,1.4,9.4,2.9
Solomon Hill,SF,59,4,18.4,1.9,0.396,1.1,0.368,0.8,0.439,0.509,0.7,0.741,0.5,2.3,2.8,1.8,0.7,0.2,0.9,1.4,5.5,-1.7
Jaylen Hoard,SF,13,0,7.9,1.2,0.469,0.0,0.0,1.2,0.517,0.469,0.6,0.615,1.1,1.4,2.5,0.3,0.4,0.0,0.3,0.9,2.9,-1.9
Aaron Holiday,PG,66,33,24.5,3.5,0.414,1.3,0.39399999999999996,2.2,0.42700000000000005,0.491,1.1,0.851,0.3,2.0,2.4,3.4,0.8,0.2,1.3,1.8,9.5,-1.6
Jrue Holiday,SG,61,61,34.7,7.5,0.455,2.0,0.353,5.5,0.509,0.516,2.1,0.7090000000000001,1.3,3.5,4.8,6.7,1.6,0.8,3.0,2.4,19.1,1.8
Justin Holiday,SG,73,6,25.0,2.8,0.428,1.8,0.405,1.0,0.47700000000000004,0.5660000000000001,0.7,0.7909999999999999,0.4,2.8,3.3,1.3,1.2,0.6,0.6,1.9,8.3,1.3
Rondae Hollis-Jefferson,SF,60,6,18.7,2.6,0.47100000000000003,0.1,0.13,2.5,0.49700000000000005,0.47600000000000003,1.8,0.7340000000000001,1.8,2.9,4.7,1.8,0.8,0.4,1.0,1.9,7.0,0.3
Richaun Holmes,C,44,38,28.2,5.1,0.648,0.0,,5.1,0.648,0.648,2.1,0.7879999999999999,2.9,5.3,8.1,1.0,0.9,1.3,1.2,3.8,12.3,1.0
Rodney Hood,SF,21,21,29.5,4.1,0.506,1.7,0.493,2.5,0.515,0.608,1.0,0.778,0.5,3.0,3.4,1.5,0.8,0.2,0.9,2.2,11.0,-0.9
Al Horford,C,67,61,30.2,4.8,0.45,1.5,0.35,3.3,0.516,0.52,0.9,0.763,1.5,5.3,6.8,4.0,0.8,0.9,1.2,2.1,11.9,2.2
Talen Horton-Tucker,SG,6,1,13.5,2.3,0.467,0.7,0.308,1.7,0.588,0.5329999999999999,0.3,0.5,0.3,0.8,1.2,1.0,1.3,0.2,1.0,1.7,5.7,-2.1
Danuel House,SF,63,52,30.4,3.7,0.42700000000000005,2.0,0.363,1.6,0.5489999999999999,0.546,1.2,0.8109999999999999,0.9,3.3,4.2,1.3,1.1,0.5,0.9,2.1,10.5,-0.7
Dwight Howard,C,69,2,18.9,2.9,0.7290000000000001,0.0,0.6,2.9,0.732,0.735,1.6,0.514,2.5,4.9,7.3,0.7,0.4,1.1,1.2,3.2,7.5,0.2
William Howard,PF,2,0,6.5,0.0,0.0,0.0,0.0,0.0,,0.0,0.0,,0.0,1.0,1.0,0.5,0.0,0.0,0.5,0.5,0.0,-19.6
Kevin Huerter,SG,56,48,31.4,4.5,0.413,2.3,0.38,2.2,0.45299999999999996,0.517,0.9,0.828,0.6,3.4,4.1,3.8,0.9,0.5,1.6,2.5,12.2,-1.6
De'Andre Hunter,SF,63,62,32.0,4.4,0.41,1.7,0.355,2.7,0.45399999999999996,0.489,1.7,0.764,0.7,3.8,4.5,1.8,0.7,0.3,1.6,2.9,12.3,-4.7
Chandler Hutchison,SF,28,10,18.8,2.9,0.457,0.4,0.316,2.4,0.496,0.491,1.6,0.59,0.6,3.2,3.9,0.9,1.0,0.3,1.0,1.7,7.8,-2.6
Serge Ibaka,C,55,27,27.0,6.2,0.512,1.3,0.385,5.0,0.5589999999999999,0.564,1.6,0.718,2.1,6.1,8.2,1.4,0.5,0.8,2.0,2.8,15.4,0.1
Andre Iguodala,SG,21,0,19.9,1.8,0.43200000000000005,0.7,0.298,1.1,0.585,0.511,0.3,0.4,0.8,2.9,3.7,2.4,0.7,1.0,1.2,1.7,4.6,-0.5
Ersan İlyasova,PF,63,8,15.7,2.3,0.466,0.8,0.365,1.5,0.545,0.546,1.1,0.828,1.0,3.8,4.8,0.8,0.4,0.3,0.5,1.5,6.6,0.4
Joe Ingles,SF,72,45,29.7,3.4,0.445,2.0,0.39899999999999997,1.5,0.525,0.5720000000000001,1.0,0.787,0.4,3.5,3.9,5.2,0.9,0.2,2.0,2.1,9.8,0.7
Brandon Ingram,PF,62,62,33.9,8.2,0.46299999999999997,2.4,0.391,5.8,0.501,0.531,5.0,0.851,0.8,5.3,6.1,4.2,1.0,0.6,3.0,2.9,23.8,2.1
Kyrie Irving,PG,20,20,32.9,10.0,0.478,2.8,0.39399999999999996,7.2,0.522,0.546,4.7,0.922,1.1,4.1,5.2,6.4,1.4,0.5,2.6,2.7,27.4,7.7
Jonathan Isaac,SF,34,32,28.8,4.6,0.47,0.9,0.34,3.6,0.521,0.518,1.8,0.779,1.7,5.1,6.8,1.4,1.6,2.3,1.4,2.4,11.9,2.3
Wesley Iwundu,SF,52,21,18.3,1.9,0.41600000000000004,0.5,0.341,1.3,0.457,0.47600000000000003,1.5,0.804,0.5,2.1,2.5,1.2,0.5,0.3,0.5,1.5,5.8,-2.6
Frank Jackson,PG,59,2,13.5,2.3,0.405,0.8,0.326,1.5,0.465,0.47600000000000003,0.9,0.747,0.4,1.0,1.4,1.0,0.3,0.1,0.8,1.3,6.3,-5.5
Jaren Jackson Jr.,C,57,57,28.5,6.2,0.469,2.5,0.39399999999999996,3.6,0.54,0.565,2.4,0.747,1.0,3.6,4.6,1.4,0.7,1.6,1.7,4.1,17.4,0.4
Josh Jackson,SG,22,0,17.3,3.2,0.44,1.0,0.319,2.1,0.54,0.513,1.6,0.7,0.5,2.5,3.0,1.6,0.8,0.4,1.3,1.8,9.0,0.0
Justin Jackson,PF,65,3,16.1,2.1,0.396,0.7,0.294,1.3,0.489,0.466,0.6,0.84,0.4,2.0,2.4,0.8,0.2,0.2,0.2,1.1,5.5,-3.4
Reggie Jackson,PG,31,16,24.0,4.3,0.41100000000000003,1.8,0.39299999999999996,2.5,0.425,0.498,1.5,0.833,0.5,2.4,3.0,4.1,0.4,0.2,1.6,1.9,11.9,-0.4
Justin James,SG,36,0,6.4,1.0,0.41700000000000004,0.3,0.31,0.7,0.473,0.47,0.3,0.47600000000000003,0.2,0.7,0.9,0.5,0.2,0.3,0.2,0.5,2.5,-1.4
LeBron James,PG,67,67,34.6,9.6,0.493,2.2,0.348,7.4,0.564,0.55,3.9,0.693,1.0,6.9,7.8,10.2,1.2,0.5,3.9,1.8,25.3,8.4
Amile Jefferson,PF,18,0,4.1,0.3,0.35700000000000004,0.0,,0.3,0.35700000000000004,0.35700000000000004,0.3,0.35700000000000004,0.6,0.7,1.3,0.2,0.1,0.2,0.2,0.4,0.8,-5.8
DaQuan Jeffries,SG,13,0,10.8,1.5,0.5,0.4,0.278,1.2,0.682,0.563,0.4,0.833,0.2,1.2,1.4,0.5,0.3,0.1,0.2,1.5,3.8,-3.8
Ty Jerome,PG,31,0,10.6,1.2,0.336,0.5,0.28,0.8,0.381,0.39799999999999996,0.4,0.75,0.2,1.3,1.5,1.4,0.5,0.1,0.6,0.9,3.3,-3.8
Alize Johnson,SF,17,1,6.9,0.7,0.414,0.2,0.375,0.5,0.429,0.466,0.4,0.7,0.9,1.9,2.8,0.4,0.2,0.1,0.4,0.7,2.0,-1.5
B.J. Johnson,SF,10,0,8.3,0.9,0.281,0.3,0.33299999999999996,0.6,0.261,0.32799999999999996,0.9,0.9,0.3,1.2,1.5,0.3,0.3,0.0,0.6,0.3,3.0,-9.0
Cameron Johnson,PF,57,9,22.0,3.1,0.435,1.9,0.39,1.2,0.526,0.565,0.8,0.807,0.9,2.4,3.3,1.2,0.6,0.4,0.6,1.5,8.8,0.3
James Johnson,PF,32,1,19.3,3.2,0.479,1.0,0.363,2.2,0.565,0.556,1.0,0.6459999999999999,0.8,2.9,3.7,2.3,0.8,1.0,1.5,2.5,8.4,0.0
Keldon Johnson,SF,17,1,17.7,3.1,0.596,0.8,0.591,2.4,0.597,0.669,2.1,0.795,0.6,2.8,3.4,0.9,0.8,0.1,0.8,1.6,9.1,1.5
Stanley Johnson,PF,25,0,6.0,0.9,0.373,0.3,0.292,0.6,0.429,0.43200000000000005,0.4,0.563,0.3,1.2,1.5,0.8,0.2,0.2,0.6,0.6,2.4,-2.6
Tyler Johnson,SG,39,7,18.2,2.5,0.38799999999999996,1.0,0.319,1.5,0.45,0.46399999999999997,1.1,0.84,0.5,1.5,1.9,1.9,0.4,0.2,0.7,1.5,7.0,-2.9
Nikola Jokić,C,73,73,32.0,7.7,0.528,1.1,0.314,6.6,0.594,0.565,3.4,0.8170000000000001,2.3,7.5,9.7,7.0,1.2,0.6,3.1,3.0,19.9,7.4
Damian Jones,C,55,27,16.1,2.2,0.68,0.0,0.222,2.2,0.7040000000000001,0.685,1.1,0.738,1.3,2.4,3.7,0.6,0.5,0.7,0.5,2.7,5.6,-1.5
Derrick Jones Jr.,SF,59,16,23.3,3.1,0.527,0.6,0.28,2.5,0.677,0.58,1.6,0.772,1.1,2.8,3.9,1.1,1.0,0.6,0.5,2.2,8.5,0.7
Tyus Jones,PG,65,6,19.0,3.0,0.45899999999999996,0.7,0.379,2.3,0.49200000000000005,0.514,0.7,0.741,0.1,1.4,1.6,4.4,0.9,0.1,0.8,0.7,7.4,0.6
DeAndre Jordan,C,56,6,22.0,3.4,0.6659999999999999,0.0,,3.4,0.6659999999999999,0.6659999999999999,1.5,0.68,2.5,7.5,10.0,1.9,0.3,0.9,1.3,2.0,8.3,3.0
Cory Joseph,PG,72,26,24.4,2.4,0.415,0.8,0.35200000000000004,1.6,0.455,0.483,0.8,0.857,0.6,2.0,2.6,3.5,0.7,0.3,1.1,1.8,6.4,-2.0
Mfiondu Kabengele,C,12,0,5.3,1.2,0.43799999999999994,0.8,0.45,0.4,0.41700000000000004,0.578,0.4,1.0,0.1,0.8,0.9,0.2,0.2,0.2,0.2,0.8,3.5,2.2
Frank Kaminsky,C,39,13,19.9,3.5,0.45,1.1,0.331,2.5,0.53,0.516,1.6,0.6779999999999999,0.9,3.6,4.5,1.9,0.4,0.3,0.9,1.9,9.7,-0.5
Enes Kanter,C,58,7,16.9,3.4,0.5720000000000001,0.0,0.14300000000000002,3.4,0.581,0.573,1.2,0.7070000000000001,2.8,4.6,7.4,1.0,0.4,0.7,1.0,1.7,8.1,1.5
Luke Kennard,SG,28,25,32.9,5.4,0.442,2.6,0.39899999999999997,2.8,0.491,0.5479999999999999,2.4,0.893,0.3,3.2,3.5,4.1,0.4,0.2,1.5,2.3,15.8,-0.3
Stanton Kidd,SF,4,0,3.8,0.0,0.0,0.0,0.0,0.0,0.0,0.0,0.0,,0.0,0.8,0.8,0.3,0.0,0.0,0.5,0.8,0.0,-17.0
Michael Kidd-Gilchrist,SF-PF,25,0,11.2,0.9,0.33299999999999996,0.2,0.25,0.7,0.37,0.371,0.4,0.7859999999999999,0.6,2.1,2.7,0.6,0.1,0.2,0.6,1.5,2.4,-7.4
Louis King,SF,10,0,6.2,0.8,0.381,0.4,0.364,0.4,0.4,0.47600000000000003,0.0,0.0,0.1,0.9,1.0,0.5,0.2,0.0,0.2,1.0,2.0,-6.2
Maxi Kleber,C,74,21,25.5,3.2,0.461,1.6,0.373,1.6,0.605,0.5770000000000001,1.1,0.8490000000000001,1.5,3.7,5.2,1.2,0.3,1.1,0.8,2.4,9.1,0.4
Brandon Knight,PG,25,3,18.5,2.4,0.353,1.8,0.344,0.6,0.389,0.488,0.8,0.588,0.2,1.5,1.6,2.8,0.4,0.1,1.5,1.6,7.3,-4.4
Kevin Knox,SF,65,4,17.9,2.2,0.359,1.0,0.327,1.2,0.391,0.44,1.0,0.653,0.4,2.4,2.8,0.9,0.4,0.4,0.7,1.6,6.4,-4.2
John Konchar,SG,19,0,9.5,1.3,0.649,0.3,0.5,1.0,0.7040000000000001,0.716,0.1,0.5,0.9,1.5,2.5,1.2,0.4,0.2,0.4,0.4,2.8,4.5
Furkan Korkmaz,SG,72,12,21.7,3.4,0.43,2.0,0.402,1.4,0.478,0.557,1.1,0.755,0.3,2.1,2.3,1.1,0.6,0.2,0.8,1.4,9.8,-1.3
Luke Kornet,C,36,14,15.5,2.3,0.439,0.9,0.287,1.4,0.6459999999999999,0.521,0.6,0.7140000000000001,0.6,1.7,2.3,0.9,0.3,0.7,0.4,1.5,6.0,-1.2
Kyle Korver,SF,58,1,16.6,2.2,0.43,1.7,0.418,0.5,0.48200000000000004,0.599,0.6,0.8540000000000001,0.3,1.8,2.1,1.2,0.4,0.2,0.8,1.3,6.7,0.1
Rodions Kurucs,PF,47,9,14.6,1.7,0.446,0.7,0.36700000000000005,1.0,0.529,0.54,0.5,0.632,0.5,2.4,2.9,1.1,0.5,0.1,1.0,1.9,4.6,-2.8
Kyle Kuzma,PF,61,9,25.0,4.8,0.436,1.4,0.316,3.4,0.518,0.5,1.9,0.735,0.9,3.6,4.5,1.3,0.5,0.4,1.5,2.1,12.8,-2.6
Skal Labissière,C,33,1,17.2,2.5,0.551,0.1,0.231,2.4,0.5820000000000001,0.561,0.8,0.758,2.0,3.2,5.1,1.3,0.2,0.9,0.9,2.7,5.8,-1.3
Jeremy Lamb,SG,46,42,28.1,4.7,0.451,1.2,0.335,3.5,0.508,0.506,2.0,0.836,0.5,3.8,4.3,2.1,1.2,0.5,1.1,2.3,12.5,-0.4
Romeo Langford,SG,32,2,11.6,0.9,0.35,0.2,0.185,0.7,0.434,0.381,0.6,0.72,0.5,0.8,1.3,0.4,0.3,0.3,0.3,1.0,2.5,-4.9
Zach LaVine,SG,60,60,34.8,9.0,0.45,3.1,0.38,5.9,0.49700000000000005,0.526,4.5,0.802,0.7,4.1,4.8,4.2,1.5,0.5,3.4,2.2,25.5,2.4
Vic Law,SF,8,0,7.8,0.8,0.33299999999999996,0.1,0.14300000000000002,0.6,0.455,0.361,0.3,0.33299999999999996,0.3,1.1,1.4,0.4,0.3,0.0,0.3,0.8,1.9,-9.6
Jake Layman,PF,23,2,22.0,3.5,0.45299999999999996,1.0,0.33299999999999996,2.5,0.5329999999999999,0.52,1.0,0.75,0.7,1.7,2.5,0.7,0.7,0.4,1.0,2.0,9.1,-3.7
T.J. Leaf,PF,28,1,7.9,1.3,0.419,0.2,0.278,1.1,0.456,0.44799999999999995,0.3,0.43799999999999994,0.8,1.7,2.5,0.3,0.4,0.1,0.3,0.8,3.0,-2.4
Jalen Lecque,PG,5,0,6.4,0.8,0.4,0.0,0.0,0.8,0.667,0.4,0.4,1.0,0.0,0.4,0.4,0.4,0.0,0.0,0.4,0.6,2.0,-10.0
Courtney Lee,SG,24,9,14.4,1.7,0.488,0.9,0.447,0.8,0.5429999999999999,0.616,0.3,0.857,0.3,1.0,1.3,0.5,0.8,0.3,0.5,1.4,4.5,-0.6
Damion Lee,SG,49,36,29.0,4.3,0.41700000000000004,1.7,0.35600000000000004,2.6,0.47100000000000003,0.5,2.2,0.873,0.7,4.2,4.9,2.7,1.0,0.1,1.4,2.4,12.7,-2.3
Alex Len,C,55,12,17.6,3.2,0.555,0.3,0.271,2.9,0.619,0.58,1.2,0.648,1.8,4.0,5.8,0.9,0.4,0.9,1.0,2.3,8.0,-0.7
Kawhi Leonard,SF,57,57,32.4,9.3,0.47,2.2,0.37799999999999995,7.2,0.506,0.524,6.2,0.8859999999999999,0.9,6.1,7.1,4.9,1.8,0.6,2.6,2.0,27.1,8.9
Meyers Leonard,C,51,49,20.3,2.3,0.509,1.0,0.414,1.3,0.623,0.622,0.4,0.643,0.6,4.5,5.1,1.1,0.3,0.3,0.8,2.1,6.1,-0.9
Caris LeVert,SG,45,31,29.6,6.9,0.425,1.8,0.364,5.1,0.451,0.48,3.1,0.711,1.1,3.1,4.2,4.4,1.2,0.2,2.6,1.8,18.7,-0.3
Damian Lillard,PG,66,66,37.5,9.5,0.46299999999999997,4.1,0.401,5.4,0.524,0.563,7.0,0.888,0.5,3.8,4.3,8.0,1.1,0.3,2.9,1.7,30.0,7.5
Nassir Little,PF,48,5,11.9,1.4,0.43,0.3,0.237,1.1,0.5539999999999999,0.47700000000000004,0.6,0.636,0.6,1.6,2.3,0.5,0.3,0.3,0.3,1.5,3.6,-3.5
Kevon Looney,C,20,4,13.1,1.5,0.36700000000000005,0.1,0.071,1.4,0.431,0.373,0.5,0.75,1.4,1.9,3.3,1.0,0.6,0.3,0.6,1.7,3.4,-5.6
Brook Lopez,C,68,67,26.7,4.3,0.435,1.5,0.314,2.8,0.5489999999999999,0.511,1.9,0.836,0.9,3.7,4.6,1.5,0.7,2.4,1.0,2.4,12.0,2.0
Robin Lopez,C,66,5,14.5,2.2,0.49200000000000005,0.5,0.33299999999999996,1.7,0.5770000000000001,0.55,0.4,0.528,0.8,1.6,2.4,0.7,0.2,0.7,1.0,1.5,5.4,-2.6
Kevin Love,PF,56,56,31.8,5.8,0.45,2.6,0.374,3.2,0.537,0.55,3.3,0.8540000000000001,1.0,8.8,9.8,3.2,0.6,0.3,2.5,1.6,17.6,2.0
Kyle Lowry,PG,58,58,36.2,5.8,0.41600000000000004,2.8,0.35200000000000004,2.9,0.504,0.518,5.1,0.857,0.6,4.5,5.0,7.5,1.4,0.4,3.1,3.3,19.4,3.2
Timothé Luwawu-Cabarrot,SG,47,2,18.1,2.5,0.435,1.3,0.38799999999999996,1.2,0.505,0.55,1.5,0.852,0.6,2.1,2.7,0.6,0.4,0.1,0.8,2.3,7.8,-2.2
Trey Lyles,PF,63,53,20.2,2.4,0.446,1.0,0.387,1.4,0.503,0.541,0.5,0.733,1.1,4.6,5.7,1.1,0.4,0.4,0.6,1.6,6.4,-1.2
Daryl Macon,SG,4,0,3.5,0.3,0.33299999999999996,0.3,0.5,0.0,0.0,0.5,0.0,,0.0,0.0,0.0,0.3,0.0,0.0,0.5,0.3,0.8,-11.4
J.P. Macura,SG,1,0,1.0,0.0,,0.0,,0.0,,,0.0,,0.0,0.0,0.0,0.0,0.0,0.0,0.0,0.0,0.0,-6.4
Josh Magette,PG,8,0,4.8,0.6,0.33299999999999996,0.1,0.25,0.5,0.364,0.36700000000000005,0.1,0.5,0.1,0.6,0.8,0.6,0.4,0.1,0.6,0.5,1.5,-6.2
Ian Mahinmi,C,38,35,21.3,2.7,0.495,0.1,0.192,2.6,0.5379999999999999,0.507,1.8,0.619,2.1,3.7,5.7,1.3,0.8,1.2,1.2,3.0,7.4,-2.7
Thon Maker,C,60,14,12.9,1.6,0.48200000000000004,0.4,0.344,1.2,0.55,0.539,1.2,0.664,0.9,1.9,2.8,0.7,0.4,0.7,0.8,1.7,4.7,-1.4
Terance Mann,SG,41,6,8.8,0.9,0.46799999999999997,0.2,0.35,0.7,0.508,0.513,0.4,0.667,0.2,1.1,1.3,1.3,0.3,0.1,0.4,1.1,2.4,-1.6
Boban Marjanović,C,44,5,9.6,2.8,0.573,0.1,0.235,2.7,0.603,0.583,1.0,0.754,1.5,3.0,4.5,0.5,0.2,0.2,0.7,1.3,6.6,1.2
Lauri Markkanen,PF,50,50,29.8,5.0,0.425,2.2,0.344,2.8,0.518,0.517,2.5,0.8240000000000001,1.2,5.1,6.3,1.5,0.8,0.5,1.6,1.9,14.7,-0.6
Caleb Martin,SF,18,1,17.6,2.1,0.44,1.1,0.541,0.9,0.36200000000000004,0.56,0.9,0.81,0.6,1.6,2.1,1.3,0.7,0.4,0.8,1.8,6.2,-1.0
Cody Martin,SF,48,3,18.8,1.9,0.43,0.4,0.23399999999999999,1.5,0.546,0.473,0.9,0.6459999999999999,0.8,2.5,3.3,2.0,0.8,0.2,0.9,1.6,5.0,-2.2
Jeremiah Martin,PG,9,0,11.0,2.7,0.45299999999999996,0.6,0.278,2.1,0.5429999999999999,0.5,1.2,0.7859999999999999,0.1,1.0,1.1,2.0,0.8,0.2,0.4,0.8,7.1,3.2
Kelan Martin,SF,31,4,16.0,2.3,0.392,0.8,0.26,1.5,0.541,0.461,1.0,0.968,0.4,2.7,3.1,0.7,0.2,0.3,0.6,1.6,6.4,-4.3
Frank Mason III,PG,9,0,13.1,2.6,0.451,0.7,0.28600000000000003,1.9,0.5670000000000001,0.51,1.1,0.588,0.6,1.6,2.1,3.2,0.6,0.1,1.2,1.2,6.9,0.0
Garrison Mathews,SG,18,0,12.6,1.3,0.429,1.1,0.413,0.3,0.5,0.598,1.7,0.912,0.3,1.0,1.3,0.6,0.4,0.1,0.4,1.8,5.4,-1.1
Wesley Matthews,SG,67,67,24.4,2.5,0.396,1.6,0.364,0.9,0.47200000000000003,0.524,0.8,0.765,0.3,2.1,2.5,1.4,0.6,0.1,0.6,1.5,7.4,-1.8
Luc Mbah a Moute,PF,3,0,8.3,0.7,0.4,0.0,0.0,0.7,0.667,0.4,0.3,0.5,0.3,0.3,0.7,0.0,0.7,0.0,0.3,0.0,1.7,-7.4
Patrick McCaw,SF,37,12,24.5,1.8,0.414,0.6,0.324,1.2,0.484,0.485,0.4,0.722,0.5,1.8,2.3,2.1,1.1,0.1,0.8,1.6,4.6,-1.8
CJ McCollum,SG,70,70,36.5,8.7,0.451,2.8,0.379,6.0,0.494,0.522,2.0,0.757,0.7,3.6,4.2,4.4,0.8,0.6,1.8,2.6,22.2,0.5
T.J. McConnell,PG,71,3,18.7,3.0,0.516,0.1,0.294,2.9,0.525,0.522,0.5,0.833,0.5,2.1,2.7,5.0,0.8,0.2,1.4,1.0,6.5,0.5
Jalen McDaniels,PF,16,0,18.3,2.1,0.47100000000000003,0.6,0.375,1.5,0.522,0.536,0.9,0.8240000000000001,0.9,3.1,4.1,0.8,0.5,0.2,0.7,2.3,5.6,-3.3
Doug McDermott,PF,69,0,19.9,3.9,0.488,1.9,0.435,2.0,0.5489999999999999,0.605,0.7,0.828,0.4,2.1,2.5,1.1,0.2,0.1,0.6,1.7,10.3,0.0
JaVale McGee,C,68,68,16.6,2.9,0.637,0.0,0.5,2.8,0.64,0.642,0.8,0.6459999999999999,1.8,3.9,5.7,0.5,0.5,1.4,0.8,2.3,6.6,1.5
Rodney McGruder,SG,56,4,15.6,1.3,0.39799999999999996,0.4,0.27,0.9,0.522,0.46399999999999997,0.3,0.5589999999999999,0.5,2.2,2.7,0.6,0.5,0.1,0.4,1.3,3.3,-3.0
Alfonzo McKinnie,SF,40,1,14.8,1.8,0.42700000000000005,0.4,0.215,1.5,0.557,0.46799999999999997,0.6,0.71,0.9,1.9,2.8,0.4,0.6,0.2,0.7,1.8,4.6,-5.3
Jordan McLaughlin,PG,30,2,19.7,2.9,0.489,1.0,0.382,1.9,0.569,0.57,0.9,0.667,0.2,1.4,1.6,4.2,1.1,0.1,1.0,1.0,7.6,0.3
Ben McLemore,SG,71,23,22.8,3.4,0.444,2.5,0.4,0.9,0.6559999999999999,0.61,0.7,0.746,0.3,1.9,2.2,0.8,0.6,0.2,0.7,2.2,10.1,-0.5
Jordan McRae,SG,37,4,21.2,4.0,0.40700000000000003,1.2,0.35700000000000004,2.8,0.433,0.469,2.2,0.7609999999999999,0.5,2.9,3.4,2.5,0.6,0.4,1.2,2.0,11.5,-1.5
Nicolò Melli,C,60,8,17.4,2.3,0.42100000000000004,1.2,0.335,1.1,0.573,0.528,0.9,0.74,0.6,2.4,3.0,1.4,0.6,0.4,0.8,2.1,6.6,-1.3
De'Anthony Melton,PG,60,8,19.5,2.7,0.401,0.7,0.28600000000000003,2.0,0.46399999999999997,0.451,1.6,0.769,0.7,3.0,3.7,2.9,1.3,0.3,1.4,1.8,7.6,-0.2
Chimezie Metu,PF,18,0,5.8,1.3,0.5710000000000001,0.0,0.0,1.3,0.6,0.5710000000000001,0.6,0.769,0.7,1.2,1.8,0.6,0.2,0.3,0.6,0.4,3.2,1.8
Khris Middleton,SF,62,59,29.9,7.6,0.49700000000000005,2.4,0.415,5.2,0.546,0.575,3.4,0.9159999999999999,0.7,5.5,6.2,4.3,0.9,0.1,2.2,2.3,20.9,4.1
Eric Mika,PF,1,0,19.0,2.0,0.667,0.0,,2.0,0.667,0.667,2.0,1.0,2.0,5.0,7.0,0.0,0.0,0.0,0.0,5.0,6.0,-3.2
C.J. Miles,SG,10,0,16.1,1.9,0.322,1.1,0.314,0.8,0.33299999999999996,0.415,1.5,0.75,0.4,0.8,1.2,1.2,1.0,0.4,0.4,1.4,6.4,-1.8
Malcolm Miller,SF,28,1,5.8,0.4,0.414,0.3,0.364,0.1,0.5710000000000001,0.552,0.1,0.375,0.1,0.5,0.6,0.4,0.2,0.1,0.1,0.6,1.3,-2.3
Patty Mills,PG,66,1,22.5,3.9,0.431,2.3,0.382,1.6,0.5329999999999999,0.56,1.5,0.866,0.3,1.3,1.6,1.8,0.8,0.1,0.8,1.6,11.6,0.0
Paul Millsap,PF,51,48,24.3,4.1,0.48200000000000004,1.1,0.435,3.1,0.5,0.5429999999999999,2.3,0.816,1.9,3.8,5.7,1.6,0.9,0.6,1.4,2.9,11.6,0.1
Shake Milton,SG,40,24,20.1,3.4,0.484,1.5,0.43,1.9,0.535,0.588,1.3,0.785,0.4,1.8,2.2,2.6,0.5,0.2,1.2,2.3,9.4,-1.0
Donovan Mitchell,SG,69,69,34.3,8.7,0.449,2.5,0.366,6.2,0.494,0.513,4.0,0.863,0.8,3.6,4.4,4.3,1.0,0.2,2.7,2.5,24.0,1.9
Naz Mitrou-Long,SG,5,0,9.4,1.2,0.353,0.4,0.16699999999999998,0.8,0.8,0.41200000000000003,0.0,,0.0,1.4,1.4,1.6,0.2,0.2,0.6,0.4,2.8,-1.4
Adam Mokoka,SG,11,0,10.2,1.1,0.429,0.5,0.4,0.5,0.462,0.536,0.2,0.5,0.6,0.3,0.9,0.4,0.4,0.0,0.2,1.5,2.9,-4.1
Malik Monk,SG,55,1,21.3,3.9,0.434,1.1,0.284,2.8,0.542,0.494,1.5,0.82,0.5,2.4,2.9,2.1,0.5,0.3,1.4,1.3,10.3,-2.3
Matt Mooney,SG,4,0,4.8,0.3,0.25,0.0,0.0,0.3,0.5,0.25,0.0,,0.0,0.8,0.8,0.3,0.5,0.3,0.0,0.3,0.5,-0.4
E'Twaun Moore,SG,56,6,18.2,3.3,0.426,1.1,0.377,2.2,0.456,0.498,0.6,0.6890000000000001,0.6,1.8,2.3,1.4,0.6,0.2,0.7,1.4,8.3,-2.7
Ja Morant,PG,67,67,31.0,6.7,0.47700000000000004,0.9,0.335,5.8,0.511,0.509,3.6,0.7759999999999999,0.8,3.1,3.9,7.3,0.9,0.3,3.3,1.6,17.8,0.3
Juwan Morgan,PF,21,0,6.4,0.7,0.5770000000000001,0.1,0.375,0.6,0.667,0.635,0.1,0.75,0.5,0.9,1.4,0.3,0.0,0.1,0.3,0.9,1.7,-3.2
Marcus Morris,SF-PF,62,62,31.2,5.7,0.43799999999999994,2.3,0.408,3.4,0.461,0.526,2.9,0.823,1.0,4.1,5.0,1.4,0.8,0.5,1.6,2.9,16.7,-0.1
Markieff Morris,PF,58,17,20.5,3.5,0.44299999999999995,1.5,0.386,2.0,0.5,0.539,1.1,0.7759999999999999,0.7,3.1,3.8,1.3,0.5,0.3,1.3,2.3,9.7,-2.0
Monte Morris,PG,73,12,22.4,3.6,0.45899999999999996,0.9,0.37799999999999995,2.7,0.495,0.517,1.0,0.843,0.3,1.5,1.9,3.5,0.8,0.2,0.7,1.0,9.0,-0.2
Johnathan Motley,PF,13,0,3.2,0.8,0.733,0.1,1.0,0.8,0.7140000000000001,0.767,0.4,0.7140000000000001,0.2,0.5,0.8,0.6,0.2,0.0,0.4,0.5,2.2,8.1
Emmanuel Mudiay,PG,54,2,15.7,2.8,0.462,0.6,0.345,2.2,0.504,0.508,1.2,0.759,0.3,2.0,2.3,2.1,0.4,0.2,1.4,1.3,7.3,-1.9
Mychal Mulder,SG,7,3,29.1,3.7,0.38799999999999996,2.3,0.308,1.4,0.667,0.507,1.3,0.75,0.4,2.9,3.3,1.1,0.3,0.1,0.7,2.9,11.0,-6.1
Dejounte Murray,PG,66,58,25.6,4.5,0.462,0.6,0.369,3.8,0.48100000000000004,0.494,1.4,0.7979999999999999,1.0,4.8,5.8,4.1,1.7,0.3,1.9,2.2,10.9,0.4
Jamal Murray,PG,59,59,32.3,6.9,0.456,1.9,0.34600000000000003,5.0,0.519,0.519,2.8,0.8809999999999999,0.8,3.2,4.0,4.8,1.1,0.3,2.2,1.7,18.5,1.2
Džanan Musa,SF,40,0,12.2,1.6,0.37200000000000005,0.5,0.244,1.1,0.479,0.42700000000000005,1.1,0.75,0.5,1.6,2.2,1.1,0.4,0.0,0.9,0.8,4.8,-4.4
Mike Muscala,C,47,2,12.2,1.6,0.40700000000000003,1.1,0.37799999999999995,0.5,0.5,0.55,0.4,0.818,0.3,2.0,2.3,0.9,0.2,0.3,0.4,1.2,4.8,-0.1
Sviatoslav Mykhailiuk,SF,56,27,22.6,3.0,0.41,2.1,0.40399999999999997,0.9,0.425,0.552,1.0,0.8140000000000001,0.3,1.6,1.9,1.9,0.7,0.1,1.1,1.6,9.0,-1.9
Abdel Nader,SF,55,6,15.8,2.2,0.46799999999999997,0.9,0.375,1.4,0.556,0.5589999999999999,0.9,0.773,0.3,1.6,1.8,0.7,0.4,0.4,0.8,1.4,6.3,-1.0
Larry Nance Jr.,C,56,10,26.3,4.1,0.531,1.0,0.35200000000000004,3.1,0.636,0.596,0.9,0.6759999999999999,1.9,5.4,7.3,2.2,1.0,0.4,1.1,1.6,10.1,1.7
Shabazz Napier,PG,56,32,24.0,3.4,0.41200000000000003,1.4,0.317,2.0,0.519,0.496,2.3,0.8240000000000001,0.5,2.4,2.8,4.7,1.2,0.2,2.3,1.8,10.3,-1.1
Raul Neto,PG,54,3,12.4,1.9,0.455,0.6,0.386,1.2,0.5,0.532,0.7,0.83,0.2,0.9,1.1,1.8,0.4,0.1,0.9,0.9,5.1,-1.8
Malik Newman,SG,1,0,4.0,0.0,0.0,0.0,0.0,0.0,0.0,0.0,2.0,1.0,0.0,0.0,0.0,0.0,0.0,0.0,1.0,0.0,2.0,-25.7
Georges Niang,PF,66,1,14.0,2.1,0.43799999999999994,1.4,0.4,0.8,0.526,0.578,0.3,0.833,0.2,1.7,1.9,0.7,0.3,0.1,0.5,1.1,5.9,-0.1
Joakim Noah,C,5,0,10.0,0.8,0.5,0.0,,0.8,0.5,0.5,1.2,0.75,1.0,2.2,3.2,1.4,0.2,0.2,1.2,1.8,2.8,-1.6
Nerlens Noel,C,61,7,18.5,3.0,0.684,0.0,0.33299999999999996,3.0,0.688,0.6859999999999999,1.3,0.755,1.5,3.4,4.9,0.9,1.0,1.5,1.1,2.7,7.4,3.1
Zach Norvell,SG,5,0,8.2,0.6,0.25,0.6,0.375,0.0,0.0,0.375,0.2,1.0,0.0,1.2,1.2,0.6,0.4,0.0,0.6,0.8,2.0,-8.4
Jaylen Nowell,SG,15,0,10.1,1.3,0.358,0.2,0.115,1.1,0.593,0.387,1.1,0.941,0.2,0.7,0.9,1.3,0.2,0.1,0.2,0.7,3.8,-3.8
Frank Ntilikina,PG,57,26,20.8,2.3,0.39299999999999996,0.8,0.321,1.5,0.444,0.45899999999999996,0.9,0.8640000000000001,0.4,1.7,2.1,3.0,0.9,0.3,1.2,2.5,6.3,-3.2
Kendrick Nunn,SG,67,67,29.3,6.0,0.439,2.0,0.35,3.9,0.505,0.514,1.3,0.85,0.3,2.4,2.7,3.3,0.8,0.2,1.7,2.3,15.3,-2.3
Jusuf Nurkić,C,8,8,31.6,6.8,0.495,0.3,0.2,6.5,0.525,0.505,3.9,0.8859999999999999,2.9,7.4,10.3,4.0,1.4,2.0,2.4,4.9,17.6,2.0
David Nwaba,SF,20,0,13.4,1.9,0.521,0.6,0.429,1.3,0.581,0.606,0.9,0.667,0.4,1.9,2.3,0.4,0.6,0.6,0.4,1.6,5.2,1.0
Royce O'Neale,PF,71,62,28.9,2.2,0.433,1.3,0.377,0.9,0.545,0.5589999999999999,0.6,0.764,0.4,5.1,5.5,2.5,0.8,0.5,0.9,2.8,6.3,0.9
Kyle O'Quinn,C,29,2,10.8,1.4,0.494,0.2,0.259,1.2,0.603,0.535,0.4,0.55,1.2,2.8,4.0,1.8,0.2,0.8,0.7,1.3,3.5,3.0
Semi Ojeleye,PF,69,6,14.7,1.2,0.408,0.7,0.37799999999999995,0.5,0.46399999999999997,0.531,0.4,0.875,0.4,1.7,2.1,0.5,0.3,0.1,0.3,1.2,3.4,-1.7
Jahlil Okafor,C,30,9,15.6,3.4,0.623,0.0,0.33299999999999996,3.3,0.629,0.627,1.3,0.645,1.6,2.6,4.2,1.2,0.2,0.7,1.3,2.2,8.1,-0.2
Elie Okobo,PG,55,3,13.1,1.3,0.39799999999999996,0.5,0.35200000000000004,0.9,0.42700000000000005,0.467,0.9,0.7040000000000001,0.3,1.3,1.6,2.1,0.4,0.1,0.7,1.0,4.0,-1.9
Josh Okogie,SG,62,28,25.0,2.7,0.42700000000000005,0.7,0.266,2.1,0.529,0.479,2.5,0.7959999999999999,1.4,2.9,4.3,1.6,1.1,0.4,1.4,2.2,8.6,-2.4
KZ Okpala,SF,5,0,5.2,0.6,0.6,0.0,0.0,0.6,0.75,0.6,0.2,0.5,0.2,0.8,1.0,0.2,0.4,0.2,0.2,0.4,1.4,2.7
Victor Oladipo,SG,19,16,27.8,5.1,0.39399999999999996,1.7,0.317,3.4,0.451,0.461,2.5,0.8140000000000001,0.5,3.5,3.9,2.9,0.9,0.2,2.5,1.9,14.5,-3.3
Kelly Olynyk,C,67,9,19.4,2.7,0.462,1.4,0.406,1.3,0.5429999999999999,0.5820000000000001,1.3,0.86,0.7,3.9,4.6,1.7,0.7,0.3,1.1,2.6,8.2,1.0
Miye Oni,SG,10,1,10.9,1.2,0.375,0.7,0.368,0.5,0.385,0.484,0.4,0.8,0.5,1.2,1.7,0.4,0.4,0.2,0.4,0.9,3.5,-4.3
Cedi Osman,SF,65,65,29.4,4.1,0.43700000000000006,1.9,0.38299999999999995,2.2,0.49700000000000005,0.5379999999999999,1.0,0.67,0.6,3.0,3.6,2.4,0.8,0.2,1.4,2.5,11.0,-2.6
Kelly Oubre Jr.,SF,56,55,34.5,6.7,0.452,1.9,0.35200000000000004,4.7,0.511,0.517,3.4,0.78,1.2,5.3,6.4,1.5,1.3,0.7,1.5,3.4,18.7,-0.5
Tariq Owens,PF,3,0,5.0,0.3,0.2,0.0,0.0,0.3,0.33299999999999996,0.2,0.7,1.0,0.7,0.3,1.0,0.0,0.3,0.0,0.0,0.3,1.3,-5.8
Jeremy Pargo,PG,3,0,14.7,3.7,0.5,1.0,0.429,2.7,0.5329999999999999,0.568,0.0,0.0,0.3,0.7,1.0,2.7,0.3,0.0,1.3,2.7,8.3,-5.9
Jabari Parker,PF,38,23,24.1,5.8,0.51,0.8,0.26899999999999996,4.9,0.603,0.5479999999999999,1.6,0.753,1.6,4.0,5.6,1.8,1.2,0.4,1.7,2.6,14.0,0.3
Chandler Parsons,SF,5,0,10.8,1.0,0.278,0.8,0.28600000000000003,0.2,0.25,0.389,0.0,,0.2,1.2,1.4,0.6,0.8,0.2,0.6,0.6,2.8,-6.1
Eric Paschall,PF,60,26,27.6,5.3,0.49700000000000005,0.6,0.287,4.7,0.55,0.526,2.7,0.774,1.4,3.2,4.6,2.1,0.5,0.2,1.6,2.1,14.0,-2.7
Anžejs Pasečņiks,C,27,0,16.2,2.3,0.526,0.0,0.0,2.3,0.54,0.526,1.3,0.586,1.6,2.4,4.0,0.7,0.3,0.4,0.9,2.8,5.8,-5.6
Patrick Patterson,PF,59,18,13.2,1.6,0.408,1.1,0.39,0.5,0.45899999999999996,0.552,0.6,0.8140000000000001,0.6,2.0,2.6,0.7,0.1,0.1,0.4,0.9,4.9,0.3
Justin Patton,C,5,0,4.8,0.8,0.4,0.2,0.25,0.6,0.5,0.45,0.0,,0.2,0.8,1.0,0.4,0.0,0.0,0.4,0.8,1.8,-10.1
Chris Paul,PG,70,70,31.5,6.2,0.489,1.6,0.365,4.6,0.5539999999999999,0.552,3.6,0.907,0.4,4.6,5.0,6.7,1.6,0.2,2.3,2.3,17.6,4.4
Cameron Payne,PG,8,0,22.9,4.1,0.485,1.9,0.517,2.3,0.462,0.596,0.8,0.857,0.5,3.4,3.9,3.0,1.0,0.3,1.4,2.5,10.9,1.5
Elfrid Payton,PG,45,36,27.7,4.3,0.439,0.3,0.203,4.0,0.48200000000000004,0.455,1.1,0.57,1.2,3.6,4.7,7.2,1.6,0.4,2.1,2.0,10.0,0.0
Gary Payton II,PG,29,17,14.9,1.7,0.414,0.4,0.28300000000000003,1.2,0.5,0.47,0.1,0.5,0.9,1.9,2.8,1.7,1.1,0.2,0.7,1.9,3.9,-1.6
Norvel Pelle,C,24,0,9.7,1.0,0.521,0.0,0.0,1.0,0.532,0.521,0.3,0.5,0.8,2.2,3.0,0.3,0.1,1.3,0.8,2.3,2.4,-5.2
Theo Pinson,SG,33,0,11.1,1.4,0.29,0.5,0.188,0.9,0.4,0.33899999999999997,0.5,0.938,0.3,1.3,1.6,1.7,0.5,0.1,1.0,1.1,3.6,-7.0
Mason Plumlee,C,61,1,17.3,2.9,0.615,0.0,0.0,2.9,0.625,0.615,1.4,0.535,1.6,3.6,5.2,2.5,0.5,0.6,1.3,2.3,7.2,2.0
Jakob Poeltl,C,66,18,17.7,2.5,0.624,0.0,,2.5,0.624,0.624,0.6,0.465,2.0,3.7,5.7,1.8,0.6,1.4,0.8,1.9,5.6,2.5
Vincent Poirier,C,22,0,5.9,0.8,0.47200000000000003,0.0,0.5,0.7,0.47100000000000003,0.486,0.3,0.857,0.6,1.4,2.0,0.4,0.1,0.4,0.4,1.1,1.9,-3.8
Shamorie Ponds,PG,4,0,2.8,0.8,0.6,0.3,0.5,0.5,0.667,0.7,0.5,1.0,0.0,0.3,0.3,0.5,0.0,0.3,0.0,0.5,2.3,13.7
Jordan Poole,SG,57,14,22.4,2.9,0.33299999999999996,1.3,0.27899999999999997,1.6,0.392,0.406,1.7,0.7979999999999999,0.2,1.9,2.1,2.4,0.6,0.2,1.3,1.6,8.8,-6.6
Kevin Porter Jr.,SF,50,3,23.2,3.7,0.442,1.1,0.335,2.7,0.506,0.505,1.5,0.723,0.4,2.8,3.2,2.2,0.9,0.3,1.9,2.7,10.0,-3.8
Michael Porter Jr.,PF,55,8,16.4,3.5,0.509,1.1,0.42200000000000004,2.4,0.564,0.59,1.1,0.833,1.2,3.5,4.7,0.8,0.5,0.5,0.9,1.8,9.3,1.5
Otto Porter,SF,14,9,23.6,4.4,0.44299999999999995,1.7,0.387,2.7,0.48700000000000004,0.529,1.4,0.7040000000000001,0.9,2.5,3.4,1.8,1.1,0.4,0.8,2.2,11.9,1.0
Bobby Portis,C,66,5,21.1,4.0,0.45,1.0,0.358,3.0,0.493,0.507,1.1,0.763,1.2,3.9,5.1,1.5,0.5,0.3,1.1,1.7,10.1,-1.1
Kristaps Porziņģis,PF,57,57,31.8,7.0,0.42700000000000005,2.5,0.35200000000000004,4.5,0.484,0.503,4.0,0.799,1.8,7.7,9.5,1.8,0.7,2.0,1.6,3.2,20.4,1.9
Dwight Powell,C,40,37,26.5,3.7,0.638,0.3,0.256,3.4,0.716,0.659,1.9,0.667,1.9,3.8,5.7,1.5,0.9,0.6,0.9,2.6,9.4,1.3
Norman Powell,SG,52,26,28.4,5.7,0.495,2.1,0.39899999999999997,3.6,0.575,0.586,2.5,0.843,0.5,3.2,3.7,1.8,1.2,0.4,1.5,2.1,16.0,2.0
Chasson Randle,PG,3,0,13.3,0.0,0.0,0.0,0.0,0.0,0.0,0.0,1.7,0.833,0.0,0.7,0.7,1.7,0.7,0.0,0.0,1.0,1.7,-5.8
Julius Randle,PF,64,64,32.5,7.2,0.46,1.0,0.27699999999999997,6.2,0.515,0.49200000000000005,4.0,0.733,2.4,7.4,9.7,3.1,0.8,0.3,3.0,2.8,19.5,-0.3
Josh Reaves,SG,4,0,7.0,0.8,0.33299999999999996,0.0,0.0,0.8,0.429,0.33299999999999996,0.5,1.0,0.3,0.5,0.8,0.8,0.0,0.0,0.0,1.3,2.0,-9.9
Cam Reddish,SF,58,34,26.7,3.7,0.384,1.4,0.332,2.2,0.428,0.45899999999999996,1.7,0.802,0.6,3.1,3.7,1.5,1.1,0.5,1.7,2.3,10.5,-4.2
J.J. Redick,SG,60,36,26.4,4.8,0.45299999999999996,3.0,0.45299999999999996,1.8,0.45299999999999996,0.596,2.8,0.892,0.2,2.4,2.5,2.0,0.3,0.2,1.3,1.6,15.3,0.7
Naz Reid,C,30,11,16.5,3.3,0.41200000000000003,1.1,0.33,2.3,0.466,0.47700000000000004,1.2,0.698,1.1,3.0,4.1,1.2,0.6,0.7,0.7,2.8,9.0,-1.9
Josh Richardson,SG,55,53,30.8,5.1,0.43,1.5,0.341,3.5,0.486,0.496,2.1,0.809,0.7,2.4,3.2,2.9,0.9,0.7,1.9,2.5,13.7,-1.8
Austin Rivers,SG,68,4,23.4,3.1,0.42100000000000004,1.4,0.35600000000000004,1.7,0.498,0.517,1.1,0.703,0.4,2.2,2.6,1.7,0.7,0.1,0.7,1.9,8.8,-2.5
Andre Roberson,SG,7,0,12.4,1.1,0.276,0.4,0.214,0.7,0.33299999999999996,0.32799999999999996,0.1,0.5,1.0,2.9,3.9,0.6,0.1,0.4,0.3,1.9,2.9,-5.3
Duncan Robinson,SF,73,68,29.7,4.4,0.47,3.7,0.446,0.7,0.654,0.667,0.9,0.9309999999999999,0.1,3.0,3.2,1.4,0.5,0.3,1.0,2.6,13.5,0.5
Glenn Robinson III,SF,62,52,28.8,4.6,0.486,1.2,0.391,3.4,0.534,0.552,1.2,0.86,1.3,3.0,4.4,1.5,0.9,0.3,0.9,1.6,11.7,-1.7
Jerome Robinson,SG,63,6,15.5,1.8,0.371,0.8,0.32,1.0,0.42,0.45,0.6,0.7020000000000001,0.2,1.8,2.0,1.4,0.4,0.3,0.8,1.8,5.1,-3.9
Justin Robinson,PG,9,0,5.4,0.6,0.41700000000000004,0.3,0.6,0.2,0.28600000000000003,0.542,0.0,,0.1,0.4,0.6,0.8,0.0,0.1,0.3,0.2,1.4,-5.7
Mitchell Robinson,C,61,7,23.1,4.1,0.742,0.0,,4.1,0.742,0.742,1.4,0.568,3.0,4.0,7.0,0.6,0.9,2.0,0.6,3.2,9.7,2.9
Isaiah Roby,SF,3,0,3.7,0.0,0.0,0.0,,0.0,0.0,0.0,0.0,,0.0,0.7,0.7,0.0,0.0,0.0,0.3,0.3,0.0,-15.5
Rajon Rondo,PG,48,3,20.5,2.9,0.418,0.9,0.32799999999999996,2.0,0.473,0.48,0.6,0.659,0.5,2.5,3.0,5.0,0.8,0.0,1.9,1.2,7.1,-1.3
Derrick Rose,PG,50,15,26.0,7.4,0.49,0.9,0.306,6.5,0.535,0.52,2.4,0.871,0.5,1.9,2.4,5.6,0.8,0.3,2.5,1.0,18.1,2.2
Terrence Ross,SG,69,0,27.4,4.9,0.40299999999999997,2.6,0.35100000000000003,2.4,0.48,0.508,2.3,0.853,0.2,3.0,3.2,1.2,1.1,0.3,1.0,1.6,14.7,-0.4
Terry Rozier,PG,63,63,34.3,6.3,0.423,2.7,0.40700000000000003,3.6,0.436,0.514,2.6,0.8740000000000001,0.8,3.6,4.4,4.1,1.0,0.2,2.2,2.0,18.0,-0.4
Ricky Rubio,PG,65,65,31.0,4.4,0.415,1.2,0.361,3.2,0.439,0.47100000000000003,3.0,0.863,0.7,4.0,4.7,8.8,1.4,0.2,2.7,2.6,13.0,1.0
D'Angelo Russell,PG,45,45,32.3,8.0,0.426,3.5,0.36700000000000005,4.5,0.48700000000000004,0.519,3.6,0.809,0.4,3.6,3.9,6.3,1.1,0.3,3.3,1.9,23.1,1.9
Domantas Sabonis,PF,62,62,34.8,7.4,0.54,0.3,0.254,7.1,0.565,0.55,3.5,0.723,3.0,9.4,12.4,5.0,0.8,0.5,2.7,3.1,18.5,3.2
Luka Šamanić,PF,3,1,16.0,1.7,0.313,1.0,0.375,0.7,0.25,0.406,1.0,0.75,0.3,3.0,3.3,2.0,0.0,0.7,0.7,2.0,5.3,-4.1
JaKarr Sampson,SF,34,12,13.9,2.0,0.591,0.1,0.154,1.9,0.647,0.6,0.5,0.667,0.6,2.0,2.6,0.6,0.5,0.4,0.4,1.9,4.6,-1.4
Dario Šarić,PF,66,51,24.7,3.9,0.47600000000000003,1.3,0.35700000000000004,2.6,0.568,0.5539999999999999,1.6,0.8440000000000001,1.5,4.6,6.2,1.9,0.6,0.2,1.3,2.4,10.7,-0.4
Tomáš Satoranský,PG,65,64,28.9,3.6,0.43,1.0,0.322,2.7,0.491,0.488,1.6,0.8759999999999999,1.2,2.7,3.9,5.4,1.2,0.1,2.0,2.1,9.9,-1.3
Admiral Schofield,SF,33,2,11.2,1.1,0.38,0.6,0.311,0.5,0.516,0.484,0.3,0.667,0.2,1.2,1.4,0.5,0.2,0.1,0.2,1.5,3.0,-5.5
Dennis Schröder,PG,65,2,30.8,7.0,0.469,1.9,0.385,5.0,0.513,0.534,3.0,0.8390000000000001,0.3,3.3,3.6,4.0,0.7,0.2,2.6,2.2,18.9,0.0
Mike Scott,PF,68,11,17.8,2.2,0.426,1.2,0.369,1.0,0.519,0.54,0.4,0.8109999999999999,1.0,2.7,3.6,0.8,0.3,0.1,0.4,1.4,6.0,-1.8
Thabo Sefolosha,PF,41,0,10.6,0.9,0.40700000000000003,0.4,0.278,0.5,0.595,0.489,0.1,0.375,0.5,1.8,2.3,0.6,0.6,0.3,0.4,1.0,2.2,-1.2
Collin Sexton,SG,65,65,33.0,7.9,0.47200000000000003,1.5,0.38,6.4,0.501,0.517,3.5,0.846,0.9,2.2,3.1,3.0,1.0,0.1,2.4,2.2,20.8,-1.8
Landry Shamet,SG,53,30,27.4,3.0,0.40399999999999997,2.1,0.375,0.9,0.495,0.546,1.2,0.855,0.1,1.8,1.9,1.9,0.4,0.2,0.8,2.7,9.3,-2.1
Marial Shayok,SG,4,0,7.0,0.8,0.25,0.5,0.33299999999999996,0.3,0.16699999999999998,0.33299999999999996,0.8,0.75,0.3,1.5,1.8,0.3,0.0,0.3,0.8,1.0,2.8,-13.0
Iman Shumpert,SG,13,0,18.5,1.6,0.32799999999999996,0.6,0.242,1.0,0.419,0.391,0.3,0.5710000000000001,0.7,1.9,2.6,0.9,0.9,0.2,0.8,1.6,4.2,-5.5
Pascal Siakam,PF,60,60,35.2,8.3,0.45299999999999996,2.2,0.359,6.2,0.499,0.512,4.0,0.792,1.1,6.3,7.3,3.5,1.0,0.9,2.5,2.8,22.9,1.8
Chris Silva,PF,44,0,7.9,1.1,0.615,0.0,0.0,1.1,0.64,0.615,0.8,0.6729999999999999,1.4,1.5,2.9,0.5,0.2,0.5,0.7,1.9,3.0,-2.3
Ben Simmons,PG,57,57,35.4,6.6,0.58,0.0,0.28600000000000003,6.5,0.583,0.581,3.2,0.621,2.0,5.8,7.8,8.0,2.1,0.6,3.5,3.3,16.4,3.6
Anfernee Simons,SG,70,4,20.7,3.1,0.39899999999999997,1.1,0.332,2.0,0.44799999999999995,0.469,1.1,0.826,0.4,1.8,2.2,1.4,0.4,0.1,0.9,1.9,8.3,-4.5
Alen Smailagić,PF,14,0,9.9,1.4,0.5,0.2,0.231,1.2,0.63,0.5379999999999999,1.1,0.8420000000000001,0.7,1.2,1.9,0.9,0.2,0.3,0.8,1.0,4.2,-2.2
Marcus Smart,SG,60,40,32.0,4.3,0.375,2.3,0.34700000000000003,2.0,0.415,0.47600000000000003,2.1,0.836,0.7,3.1,3.8,4.9,1.7,0.5,1.7,2.7,12.9,1.4
Dennis Smith Jr.,PG,34,3,15.8,2.1,0.341,0.5,0.29600000000000004,1.6,0.35700000000000004,0.379,0.8,0.509,0.6,1.7,2.3,2.9,0.8,0.2,1.7,1.9,5.5,-6.1
Ish Smith,PG,68,23,26.3,4.5,0.447,0.9,0.36700000000000005,3.6,0.473,0.49200000000000005,0.9,0.721,0.4,2.8,3.2,4.9,0.9,0.4,1.4,1.6,10.9,-1.3
J.R. Smith,SG,6,0,13.2,1.2,0.318,0.2,0.091,1.0,0.545,0.341,0.3,1.0,0.0,0.8,0.8,0.5,0.2,0.0,0.7,0.8,2.8,-9.8
Zhaire Smith,SG,7,0,4.6,0.4,0.273,0.0,0.0,0.4,0.375,0.273,0.3,0.5,0.0,0.3,0.3,0.3,0.4,0.0,0.3,0.6,1.1,-10.0
Tony Snell,SF,59,57,27.8,2.9,0.445,1.7,0.402,1.2,0.531,0.579,0.5,1.0,0.2,1.7,1.9,2.2,0.5,0.3,0.5,1.7,8.0,-1.8
Omari Spellman,PF,49,3,18.1,2.6,0.431,0.9,0.391,1.7,0.45399999999999996,0.503,1.5,0.7929999999999999,1.6,2.9,4.5,1.0,0.7,0.5,1.1,1.3,7.6,-1.7
Max Strus,SG,2,0,3.0,1.0,0.667,0.0,0.0,1.0,1.0,0.667,0.5,1.0,0.5,0.0,0.5,0.0,0.0,0.0,0.0,0.5,2.5,4.4
Edmond Sumner,PG,31,3,14.4,2.0,0.43,0.5,0.264,1.5,0.528,0.479,0.5,0.552,0.4,1.1,1.5,1.8,0.5,0.3,0.7,1.4,4.9,-3.0
Caleb Swanigan,PF,27,1,10.7,1.0,0.596,0.0,0.0,1.0,0.622,0.596,0.3,0.529,1.0,2.7,3.7,1.1,0.1,0.3,1.4,2.3,2.4,-6.0
Jayson Tatum,PF,66,66,34.3,8.4,0.45,2.9,0.40299999999999997,5.5,0.48,0.527,3.8,0.812,1.0,6.0,7.0,3.0,1.4,0.9,2.3,2.1,23.4,4.0
Jeff Teague,PG,59,17,24.8,3.6,0.436,0.7,0.368,2.9,0.457,0.48,2.9,0.873,0.5,1.9,2.4,5.2,0.7,0.3,2.0,1.8,10.9,-1.5
Garrett Temple,SG,62,35,27.9,3.6,0.37799999999999995,2.0,0.32899999999999996,1.5,0.473,0.486,1.1,0.805,0.5,3.0,3.5,2.5,0.8,0.5,1.0,1.7,10.3,-1.1
Daniel Theis,C,65,64,24.1,3.7,0.5660000000000001,0.5,0.33299999999999996,3.2,0.633,0.603,1.3,0.763,2.2,4.4,6.6,1.7,0.6,1.3,0.8,3.4,9.2,2.4
Isaiah Thomas,PG,40,37,23.1,4.4,0.408,2.0,0.413,2.4,0.405,0.5,1.6,0.816,0.3,1.4,1.7,3.7,0.3,0.2,1.9,1.9,12.2,-4.3
Khyri Thomas,SG,8,0,7.6,0.6,0.294,0.6,0.35700000000000004,0.0,0.0,0.441,0.3,0.5,0.1,0.0,0.1,0.4,0.4,0.0,0.4,1.1,2.1,-7.9
Lance Thomas,SF,7,4,14.0,1.1,0.348,0.6,0.308,0.6,0.4,0.435,0.6,1.0,0.3,1.6,1.9,0.9,0.0,0.0,0.9,1.6,3.4,-8.3
Matt Thomas,SG,41,1,10.7,1.8,0.48700000000000004,1.1,0.475,0.6,0.51,0.643,0.2,0.75,0.2,1.3,1.5,0.5,0.2,0.0,0.4,0.9,4.9,1.1
Tristan Thompson,C,57,51,30.2,5.1,0.512,0.2,0.391,4.9,0.518,0.52,1.7,0.615,4.0,6.2,10.1,2.1,0.6,0.9,1.8,2.2,12.0,-1.5
Sindarius Thornwell,SG,2,0,17.5,3.0,0.545,1.0,0.5,2.0,0.5710000000000001,0.636,1.0,0.5,0.0,2.0,2.0,2.0,0.5,0.5,1.0,1.0,8.0,-1.3
Matisse Thybulle,SG,65,14,19.8,1.7,0.423,0.9,0.35700000000000004,0.9,0.519,0.528,0.4,0.61,0.7,1.0,1.6,1.2,1.4,0.7,0.8,2.2,4.7,0.3
Anthony Tolliver,PF,55,13,15.9,1.2,0.35700000000000004,0.9,0.33799999999999997,0.3,0.43200000000000005,0.49200000000000005,0.4,0.7240000000000001,0.6,2.2,2.8,0.8,0.3,0.2,0.6,1.3,3.6,-3.2
Juan Toscano-Anderson,SF,13,6,20.9,2.2,0.46,0.6,0.348,1.6,0.525,0.524,0.2,0.6,0.7,3.3,4.0,2.0,1.0,0.4,1.2,2.3,5.3,-3.5
Karl-Anthony Towns,C,35,35,33.9,9.0,0.508,3.3,0.41200000000000003,5.8,0.586,0.6,5.1,0.7959999999999999,2.7,8.1,10.8,4.4,0.9,1.2,3.1,3.3,26.5,7.8
Gary Trent Jr.,SG,61,8,21.8,3.2,0.444,1.8,0.418,1.4,0.486,0.5710000000000001,0.6,0.8220000000000001,0.4,1.2,1.6,1.0,0.8,0.3,0.3,1.5,8.9,-0.3
Allonzo Trier,PG,24,1,12.1,2.1,0.48100000000000004,0.8,0.358,1.3,0.604,0.5710000000000001,1.4,0.7909999999999999,0.3,1.0,1.2,1.2,0.1,0.2,0.9,1.2,6.5,-0.5
P.J. Tucker,PF,72,72,34.3,2.5,0.415,1.5,0.358,1.0,0.551,0.541,0.5,0.813,1.6,5.1,6.6,1.6,1.1,0.5,1.0,3.2,6.9,-1.9
Rayjon Tucker,SG,20,0,8.1,1.0,0.465,0.2,0.17600000000000002,0.9,0.654,0.5,1.0,0.826,0.2,0.9,1.0,0.3,0.1,0.1,0.4,0.5,3.1,-6.0
Evan Turner,PG,19,0,13.2,1.3,0.373,0.0,0.0,1.3,0.40299999999999997,0.373,0.6,0.857,0.4,1.6,2.0,2.0,0.5,0.4,1.4,1.1,3.3,-5.6
Myles Turner,C,62,62,29.5,4.3,0.457,1.4,0.344,2.9,0.54,0.53,2.0,0.7509999999999999,1.4,5.2,6.6,1.2,0.7,2.1,1.4,2.7,12.1,0.1
Jarrod Uthoff,SF,7,0,7.6,1.0,0.389,0.4,0.33299999999999996,0.6,0.444,0.47200000000000003,0.3,1.0,0.3,0.6,0.9,0.0,0.1,0.0,0.0,0.3,2.7,-4.5
Jonas Valančiūnas,C,70,70,26.4,6.2,0.585,0.5,0.35200000000000004,5.7,0.617,0.606,2.1,0.74,3.0,8.2,11.3,1.9,0.4,1.1,1.8,2.6,14.9,2.4
Denzel Valentine,SF,36,5,13.6,2.7,0.409,1.3,0.336,1.4,0.51,0.506,0.2,0.75,0.3,1.8,2.1,1.2,0.7,0.2,0.7,1.4,6.8,-0.6
Jarred Vanderbilt,SF-PF,11,0,4.2,0.5,0.625,0.0,0.0,0.5,0.7140000000000001,0.625,0.2,1.0,0.3,0.5,0.8,0.2,0.3,0.1,0.6,0.5,1.1,-6.0
Fred VanVleet,PG,54,54,35.7,5.9,0.413,2.7,0.39,3.2,0.434,0.507,3.1,0.848,0.3,3.4,3.8,6.6,1.9,0.3,2.2,2.4,17.6,2.7
Gabe Vincent,PG,9,0,9.2,0.9,0.21600000000000003,0.7,0.222,0.2,0.2,0.297,0.0,,0.0,0.6,0.6,0.7,0.6,0.0,0.1,0.7,2.4,-10.4
Noah Vonleh,C-PF,36,1,10.5,1.4,0.565,0.1,0.2,1.4,0.636,0.5820000000000001,0.7,0.7809999999999999,1.0,2.4,3.4,0.8,0.3,0.2,0.6,1.1,3.7,-1.0
Nikola Vučević,C,62,62,32.2,8.0,0.47700000000000004,1.6,0.33899999999999997,6.4,0.531,0.525,2.1,0.784,2.3,8.6,10.9,3.6,0.9,0.8,1.4,2.2,19.6,4.2
Dean Wade,PF,12,0,5.9,0.8,0.6920000000000001,0.2,0.5,0.6,0.778,0.769,0.0,0.0,0.3,1.3,1.6,0.2,0.2,0.3,0.3,0.7,1.7,-1.2
Moritz Wagner,C,45,5,18.6,3.2,0.545,0.6,0.313,2.7,0.645,0.5920000000000001,1.7,0.821,1.2,3.6,4.9,1.2,0.6,0.4,1.5,3.4,8.7,-2.3
Dion Waiters,SG,10,0,20.7,4.1,0.414,1.5,0.319,2.6,0.5,0.49,1.4,0.8240000000000001,0.2,2.2,2.4,2.0,0.4,0.6,1.6,2.1,11.1,-1.2
Kemba Walker,PG,56,56,31.1,6.8,0.425,3.2,0.381,3.5,0.47600000000000003,0.526,3.7,0.8640000000000001,0.6,3.2,3.9,4.8,0.9,0.5,2.1,1.6,20.4,4.6
Lonnie Walker,SG,61,12,16.2,2.5,0.426,0.7,0.406,1.8,0.434,0.483,0.7,0.721,0.4,1.9,2.3,1.1,0.5,0.2,0.7,1.3,6.4,-3.5
Tyrone Wallace,SG,14,0,11.4,1.0,0.318,0.1,0.067,0.9,0.44799999999999995,0.33,0.8,0.647,0.2,1.4,1.6,0.9,0.5,0.1,0.7,1.4,2.9,-8.7
Taurean Prince,SF,64,61,29.0,4.3,0.376,2.3,0.33899999999999997,2.1,0.429,0.475,1.1,0.7979999999999999,0.8,5.2,6.0,1.8,0.9,0.4,2.0,2.5,12.1,-2.9
Derrick Walton,PG,26,1,9.5,0.7,0.462,0.4,0.41700000000000004,0.3,0.5329999999999999,0.59,0.3,0.778,0.1,0.5,0.6,1.0,0.3,0.0,0.2,0.8,2.0,-1.0
Brad Wanamaker,PG,71,1,19.3,2.3,0.44799999999999995,0.5,0.363,1.8,0.48100000000000004,0.499,1.8,0.9259999999999999,0.3,1.7,2.0,2.5,0.9,0.2,1.1,1.9,6.9,-0.6
T.J. Warren,SF,67,67,32.9,8.0,0.536,1.4,0.40299999999999997,6.6,0.575,0.581,2.5,0.8190000000000001,1.0,3.2,4.2,1.5,1.2,0.5,1.3,2.8,19.8,1.1
P.J. Washington,PF,58,57,30.3,4.6,0.455,1.5,0.374,3.1,0.507,0.528,1.5,0.647,1.0,4.4,5.4,2.1,0.9,0.8,1.6,2.7,12.2,-1.6
Yuta Watanabe,SG,18,0,5.8,0.8,0.441,0.2,0.375,0.7,0.462,0.485,0.2,0.375,0.4,0.7,1.1,0.3,0.3,0.1,0.1,0.5,2.0,-1.8
Tremont Waters,PG,11,1,10.8,1.3,0.28600000000000003,0.4,0.16699999999999998,0.9,0.4,0.327,0.7,1.0,0.0,1.1,1.1,1.5,0.9,0.2,1.4,1.2,3.6,-7.5
Paul Watson,SF-SG,10,0,8.7,1.0,0.385,0.4,0.33299999999999996,0.6,0.429,0.462,0.7,0.778,0.2,1.5,1.7,0.8,0.4,0.1,0.3,0.5,3.1,-0.4
Quinndary Weatherspoon,SG,11,0,7.1,0.5,0.294,0.1,0.2,0.4,0.33299999999999996,0.324,0.1,0.5,0.1,0.5,0.6,1.0,0.3,0.1,0.5,0.7,1.1,-7.4
Russell Westbrook,PG,57,57,35.9,10.6,0.47200000000000003,1.0,0.258,9.6,0.514,0.493,5.1,0.763,1.8,6.2,7.9,7.0,1.6,0.4,4.5,3.5,27.2,1.5
Coby White,SG,65,1,25.8,4.8,0.39399999999999996,2.0,0.354,2.8,0.43,0.478,1.6,0.7909999999999999,0.4,3.1,3.5,2.7,0.8,0.1,1.7,1.8,13.2,-2.8
Derrick White,SG,68,20,24.7,3.7,0.45799999999999996,1.2,0.366,2.6,0.518,0.53,2.6,0.853,0.5,2.8,3.3,3.5,0.6,0.9,1.3,2.2,11.3,1.3
Hassan Whiteside,C,67,61,30.0,6.5,0.621,0.1,0.5710000000000001,6.4,0.622,0.624,2.4,0.6859999999999999,3.9,9.7,13.5,1.2,0.4,2.9,1.8,2.9,15.5,3.2
Andrew Wiggins,SF-SG,54,54,34.4,8.1,0.447,2.1,0.332,6.0,0.506,0.504,3.5,0.7090000000000001,1.2,3.9,5.1,3.7,0.8,1.0,2.4,2.4,21.8,-0.3
Grant Williams,PF,69,5,15.1,1.3,0.41200000000000003,0.3,0.25,0.9,0.5479999999999999,0.469,0.6,0.722,0.9,1.7,2.6,1.0,0.4,0.5,0.7,2.4,3.4,-2.7
Johnathan Williams,C,15,6,12.0,1.3,0.5589999999999999,0.0,0.0,1.3,0.594,0.5589999999999999,0.5,0.5379999999999999,1.6,2.7,4.3,0.5,0.1,0.5,0.3,1.1,3.0,-2.2
Kenrich Williams,PF,39,18,21.3,1.3,0.34700000000000003,0.6,0.258,0.7,0.52,0.43200000000000005,0.2,0.34600000000000003,1.3,3.5,4.8,1.5,0.7,0.5,0.6,2.3,3.5,-2.4
Lou Williams,SG,65,8,28.7,6.0,0.418,1.7,0.35200000000000004,4.3,0.451,0.47700000000000004,4.5,0.861,0.5,2.6,3.1,5.6,0.7,0.2,2.8,1.2,18.2,0.8
Marvin Williams,PF,58,1,19.5,2.1,0.446,1.0,0.359,1.1,0.568,0.551,0.8,0.86,0.5,2.6,3.2,1.0,0.6,0.5,0.6,1.8,5.9,-0.6
Robert Williams,C,29,1,13.4,2.2,0.727,0.0,,2.2,0.727,0.727,0.8,0.647,1.4,3.0,4.4,0.9,0.8,1.2,0.7,1.8,5.2,5.1
Nigel Williams-Goss,PG,10,0,5.0,0.5,0.313,0.2,0.28600000000000003,0.3,0.33299999999999996,0.375,0.2,1.0,0.2,0.4,0.6,0.6,0.3,0.1,0.3,0.6,1.4,-3.9
Zion Williamson,PF,24,24,27.8,8.8,0.583,0.3,0.429,8.5,0.59,0.5920000000000001,4.8,0.64,2.7,3.6,6.3,2.1,0.7,0.4,2.5,1.8,22.5,2.1
D.J. Wilson,PF,37,1,9.8,1.4,0.39399999999999996,0.5,0.247,0.9,0.5760000000000001,0.462,0.3,0.611,0.3,2.2,2.5,0.7,0.1,0.1,0.5,0.9,3.6,-4.0
Justise Winslow,SF,11,5,32.0,4.5,0.38799999999999996,0.5,0.222,4.0,0.431,0.41100000000000003,1.6,0.667,1.5,5.2,6.6,4.0,0.6,0.5,2.2,3.5,11.3,-3.5
Christian Wood,PF,62,12,21.4,4.6,0.5670000000000001,0.9,0.386,3.8,0.636,0.62,2.9,0.7440000000000001,1.7,4.6,6.3,1.0,0.5,0.9,1.4,1.6,13.1,3.1
Delon Wright,SG,73,5,21.5,2.6,0.462,0.6,0.37,2.0,0.504,0.519,1.1,0.77,1.0,2.9,3.8,3.3,1.2,0.3,1.0,1.3,6.9,1.9
Justin Wright-Foreman,PG,4,0,11.3,1.8,0.35,0.5,0.2,1.3,0.5,0.4,0.8,0.75,0.0,1.3,1.3,1.8,0.5,0.0,0.8,1.3,4.8,-9.0
Thaddeus Young,PF,64,16,24.9,4.2,0.44799999999999995,1.2,0.35600000000000004,3.0,0.501,0.513,0.7,0.583,1.5,3.5,4.9,1.8,1.4,0.4,1.6,2.1,10.3,-1.2
Trae Young,PG,60,60,35.3,9.1,0.43700000000000006,3.4,0.361,5.7,0.501,0.519,8.0,0.86,0.5,3.7,4.3,9.3,1.1,0.1,4.8,1.7,29.6,3.9
Cody Zeller,C,58,39,23.1,4.3,0.524,0.3,0.24,4.0,0.5770000000000001,0.5429999999999999,2.1,0.682,2.8,4.3,7.1,1.5,0.7,0.4,1.3,2.4,11.1,-0.6
Tyler Zeller,C,2,0,2.0,0.5,0.25,0.0,,0.5,0.25,0.25,0.0,,1.5,0.5,2.0,0.0,0.0,0.0,0.0,0.0,1.0,-22.4
Ante Žižić,C,22,0,10.0,1.9,0.569,0.0,,1.9,0.569,0.569,0.6,0.737,0.8,2.2,3.0,0.3,0.3,0.2,0.5,1.2,4.4,-3.2
Ivica Zubac,C,72,70,18.4,3.3,0.613,0.0,0.0,3.3,0.616,0.613,1.7,0.747,2.7,4.8,7.5,1.1,0.2,0.9,0.8,2.3,8.3,2.8
